answers,query_idx,game,subject
1.7592320666817136,0,0,0
0.8209621481684197,1,0,0
1.6489202619450234,2,0,0
0.30227650993835936,3,0,0
-0.6824082792063506,4,0,0
1.5587110080596898,0,1,0
-0.8480070775618505,1,1,0
0.2157401264838375,2,1,0
-0.14303463917316317,3,1,0
-0.08105754132223994,4,1,0
-2.629332569682412,0,2,0
0.45615368157212277,1,2,0
-0.7254526113395754,2,2,0
0.6327312682386944,3,2,0
1.1642976525532338,4,2,0
1.471155709278517,0,3,0
-0.05415626017735471,1,3,0
0.6460352641852638,2,3,0
-1.0833877218391916,3,3,0
-1.8295376121967144,4,3,0
0.06089464974841743,0,4,0
0.4588943316012073,1,4,0
0.8508471113196411,2,4,0
-1.7418223021086452,3,4,0
0.5672467016893802,4,4,0
-1.046479155934608,0,0,0
0.3140270528248059,1,0,0
0.5127342129860868,2,0,0
1.6993742624573356,3,0,0
-0.6523811924828012,4,0,0
-0.3899993692109969,0,1,0
-0.4850776415061641,1,1,0
1.9384773466133083,2,1,0
-0.7578720502223331,3,1,0
0.3393852254534843,4,1,0
1.165952516115141,0,2,0
-1.336782642896154,1,2,0
-0.02614221229829551,2,2,0
-0.22982262573459136,3,2,0
-0.020934912523712875,4,2,0
0.1350593175015012,0,3,0
-0.5879592187365292,1,3,0
0.32614333423712893,2,3,0
1.7958331521969224,3,3,0
0.34360354530757753,4,3,0
0.033035493034941646,0,4,0
-0.7753724748191038,1,4,0
0.9241312510810523,2,4,0
0.33301930256048373,3,4,0
0.6959712237811168,4,4,0
1.3121411085854544,0,0,1
-1.2602619193699784,1,0,1
1.287316440388068,2,0,1
-0.1670754754531267,3,0,1
0.3473764086725263,4,0,1
-1.476739973683577,0,1,1
-0.6373985000378934,1,1,1
-0.8993181109224007,2,1,1
-1.4537897346219195,3,1,1
-2.358999884484822,4,1,1
0.6753647346846073,0,2,1
0.381412522595415,1,2,1
1.322644532997483,2,2,1
0.2463623602037369,3,2,1
-0.06285134199825505,4,2,1
-0.7122962132069456,0,3,1
0.06410554859346315,1,3,1
0.19246282507345844,2,3,1
0.019114527834350543,3,3,1
-1.008852799751651,4,3,1
2.3526602684444646,0,4,1
-0.4596627305645154,1,4,1
-0.3286640361764136,2,4,1
1.2302753879645263,3,4,1
0.42174162702705253,4,4,1
1.505106688868859,0,0,2
0.8864099318663977,1,0,2
0.7811457493571907,2,0,2
0.6606052459671834,3,0,2
0.4597895524447049,4,0,2
-0.8911654050270144,0,1,2
-0.3356898871092102,1,1,2
0.84430663354021,2,1,2
0.06617010654472229,3,1,2
1.3588610361510394,4,1,2
-0.5976933800082601,0,2,2
1.6920423565378815,1,2,2
-0.7099714877774173,2,2,2
1.1408326457706375,3,2,2
-0.6585663563698099,4,2,2
0.9219084856135195,0,3,2
0.7756831326077633,1,3,2
-0.24177098066647607,2,3,2
0.6055550975024152,3,3,2
0.6737083108789175,4,3,2
1.3116621945342042,0,4,2
-1.9516332261682496,1,4,2
-0.4976571844748434,2,4,2
0.26227722152558836,3,4,2
1.9987308179834713,4,4,2
1.322473038066224,0,0,3
-1.1901400204799721,1,0,3
0.23033513106503375,2,0,3
-0.300150261065784,3,0,3
1.4852468970784691,4,0,3
1.8497587596935559,0,1,3
0.21926691413312105,1,1,3
-1.7487212793891167,2,1,3
-0.29741722152000705,3,1,3
1.455949365399831,4,1,3
-2.1868361522131945,0,2,3
-0.4951288920785259,1,2,3
-1.3068717583226872,2,2,3
1.6378095607776608,3,2,3
1.2586725541844472,4,2,3
0.6389347693554365,0,3,3
-0.7918724519733853,1,3,3
0.6898895438741496,2,3,3
-0.1813274473098702,3,3,3
-1.7548387226363042,4,3,3
0.04657382791139799,0,4,3
0.15697872159109005,1,4,3
-0.20083502111684473,2,4,3
0.7032023738653541,3,4,3
1.3119335184458245,4,4,3
-0.7118140171156289,0,0,4
-0.7603667826751462,1,0,4
1.5863648827277677,2,0,4
-0.21291937818639828,3,0,4
-0.4163252804305839,4,0,4
0.8649955768887886,0,1,4
0.9998336840576407,1,1,4
-0.1929747887786375,2,1,4
-2.5542738791987607,3,1,4
1.5157419887779693,4,1,4
0.8431087071990151,0,2,4
-0.726692356610866,1,2,4
-2.36213436902317,2,2,4
2.6695581300007687,3,2,4
1.1413529313090813,4,2,4
0.8330021306389739,0,3,4
-0.4860211337380695,1,3,4
0.014171365769928371,2,3,4
-2.1797801526259257,3,3,4
2.14281120733137,4,3,4
-0.15320887068935282,0,4,4
0.87538399193569,1,4,4
-0.8510749400802887,2,4,4
-0.6316340960382901,3,4,4
0.2468833471883312,4,4,4
1.712384968353411,0,0,5
-1.3418368031648114,1,0,5
1.2653947895029636,2,0,5
-0.42469289048330483,3,0,5
1.7105194872508203,4,0,5
-0.7341651059807622,0,1,5
-1.3512673743401482,1,1,5
-1.501844617559993,2,1,5
-0.5627344765997679,3,1,5
-1.2893164267853479,4,1,5
-0.9751977455004868,0,2,5
0.2156914463368674,1,2,5
0.8434266494524458,2,2,5
-0.21778725266692248,3,2,5
-0.12147680959347547,4,2,5
0.02528945784260267,0,3,5
0.2317948173237389,1,3,5
1.4670695469915267,2,3,5
1.6052722808963729,3,3,5
1.4646558345289298,4,3,5
0.9183136769215186,0,4,5
-0.4773376067024283,1,4,5
0.7782479418963598,2,4,5
0.6044234270038359,3,4,5
-0.635469684359183,4,4,5
-0.05585268001533747,0,0,6
-0.842592870037444,1,0,6
0.6063301826401596,2,0,6
-0.5437855868202998,3,0,6
-1.1011046049028306,4,0,6
1.7080558976277276,0,1,6
-0.15441247263938632,1,1,6
-0.08647645300635579,2,1,6
0.9071742960043228,3,1,6
-1.1728947660789872,4,1,6
0.3839259476186107,0,2,6
-0.5505133985264798,1,2,6
-0.23607264912793163,2,2,6
-0.03250065138649789,3,2,6
1.7838779673655947,4,2,6
0.14408514592724472,0,3,6
0.03616682963244556,1,3,6
0.15276271749330428,2,3,6
-0.5035602942812719,3,3,6
-0.18727240331096814,4,3,6
-0.27319174864970536,0,4,6
0.7126162863464164,1,4,6
1.8993441533959345,2,4,6
-0.313339514149628,3,4,6
0.08480520480550602,4,4,6
-0.5868261139251548,0,0,7
-0.37992499349932385,1,0,7
-0.06913824238678039,2,0,7
0.6329674453354688,3,0,7
-0.09951487444530592,4,0,7
-0.03394662379218637,0,1,7
0.23200745049153568,1,1,7
-0.04878182808973165,2,1,7
-1.6683202328357518,3,1,7
1.5165484035796553,4,1,7
-0.8486241751609221,0,2,7
0.023063362889344245,1,2,7
-0.5322679610420695,2,2,7
0.949313607305362,3,2,7
-0.4668246684502001,4,2,7
-1.225654463187325,0,3,7
-0.5806341489049182,1,3,7
2.490614955797905,2,3,7
0.8324051211486129,3,3,7
2.106526063067663,4,3,7
-0.30063689946751687,0,4,7
0.12247375492148242,1,4,7
1.3582047950426392,2,4,7
0.8949503039053833,3,4,7
1.5295328948242504,4,4,7
-1.2445220105531165,0,0,8
-0.16436199780868144,1,0,8
-0.29504268752996843,2,0,8
-0.414062133283886,3,0,8
-0.7457442646930932,4,0,8
0.9854481060136251,0,1,8
0.03474242730223453,1,1,8
-1.8864712513949318,2,1,8
1.141976873482446,3,1,8
0.412307429771699,4,1,8
-0.49074138067597733,0,2,8
-0.20528826285752158,1,2,8
-1.4731698944599774,2,2,8
0.0987939265488378,3,2,8
-1.3513880706421146,4,2,8
0.42415463202185044,0,3,8
-1.270520828726718,1,3,8
0.3462097785399557,2,3,8
2.593913101749524,3,3,8
0.2516982928139832,4,3,8
-0.13917995655170642,0,4,8
-0.3856612349063911,1,4,8
0.6697151259402288,2,4,8
0.23267957536254807,3,4,8
-1.316942438860718,4,4,8
0.37572924611900255,0,0,9
-1.6502857394981645,1,0,9
1.267194506177212,2,0,9
-0.8038226771370535,3,0,9
-1.3940230494690473,4,0,9
-0.4989394620428895,0,1,9
0.3974737132723513,1,1,9
1.6888981058350347,2,1,9
1.6265231653745411,3,1,9
0.004272661952059826,4,1,9
0.5524808111694174,0,2,9
-0.7652621084920281,1,2,9
-0.6434846974547362,2,2,9
2.470568843646266,3,2,9
-1.5805976127889618,4,2,9
-1.0311754523286627,0,3,9
-0.9009829568970554,1,3,9
0.47746048244890194,2,3,9
-0.17465596287077884,3,3,9
0.0696933500520512,4,3,9
1.5738756904395377,0,4,9
-0.3889656146595487,1,4,9
-1.4124478980318225,2,4,9
-0.006194404229682575,3,4,9
-0.11553481631906418,4,4,9
1.0408109342713041,0,0,10
-0.5021063971644782,1,0,10
-1.7215710859158804,2,0,10
-0.5135802629149411,3,0,10
0.900533416619306,4,0,10
-1.3164005921261304,0,1,10
0.02070906337307746,1,1,10
-0.5249752953695506,2,1,10
-1.6177860633003196,3,1,10
0.6198282563679428,4,1,10
0.3201375390285018,0,2,10
0.16534463309861222,1,2,10
-1.564068785211723,2,2,10
0.5489056765562682,3,2,10
0.253684928119132,4,2,10
-1.1396991503601317,0,3,10
1.7123555718171029,1,3,10
-0.09814929673429129,2,3,10
0.887307636727327,3,3,10
-0.4618704805113197,4,3,10
-1.9886299208114524,0,4,10
-1.8004128975107079,1,4,10
0.6296435389528516,2,4,10
0.12803857164142643,3,4,10
1.008427030875567,4,4,10
-0.9664841780281962,0,0,11
-0.4981124066594717,1,0,11
1.8166487213269067,2,0,11
1.6152869944434372,3,0,11
0.06393590595991816,4,0,11
0.09325785106469964,0,1,11
-3.6149335609755577,1,1,11
-0.3689859053954636,2,1,11
-1.3369611509603616,3,1,11
-0.09816032103939684,4,1,11
-0.5279671221105308,0,2,11
0.9825759218227882,1,2,11
0.5318910850463334,2,2,11
-0.16292719575633652,3,2,11
0.4332370771090547,4,2,11
-0.18349293608895667,0,3,11
-1.3209547006475746,1,3,11
-0.33365355660471946,2,3,11
-0.987817503632722,3,3,11
-0.2733847558476426,4,3,11
0.49779635296277075,0,4,11
0.21642147527307568,1,4,11
-0.8411576631835391,2,4,11
0.7064375814658272,3,4,11
0.21369577027598313,4,4,11
0.16135881233181312,0,0,12
0.5228942059522357,1,0,12
-0.24835243983265856,2,0,12
-0.5450270956843889,3,0,12
0.20060659779647522,4,0,12
1.6431625892818624,0,1,12
-3.098932161791062,1,1,12
-1.5245333416122995,2,1,12
-0.7557103543531332,3,1,12
1.1719273171396039,4,1,12
-0.09041789587749816,0,2,12
-1.2491040422302784,1,2,12
-0.12467106805671614,2,2,12
0.7341023580863402,3,2,12
-1.1713689262094578,4,2,12
-0.25657720205954754,0,3,12
1.5284021208976262,1,3,12
-0.23397635912460302,2,3,12
-0.03188768214101628,3,3,12
0.35292116870750484,4,3,12
-1.6832989459185366,0,4,12
-0.3591940278457373,1,4,12
-0.13891513385851825,2,4,12
2.0210109865384034,3,4,12
-1.424690323257537,4,4,12
-1.9484771955487956,0,0,13
0.03345758221899952,1,0,13
-0.25297329631692317,2,0,13
1.2603651992737566,3,0,13
2.6379537675327334,4,0,13
-0.8921673812899852,0,1,13
-0.2322815755934295,1,1,13
0.03033162531942976,2,1,13
-2.532752863704312,3,1,13
0.4770641987132159,4,1,13
0.1488416794539915,0,2,13
1.6236514648880245,1,2,13
1.3059791912456704,2,2,13
-0.22332204895421096,3,2,13
0.9819715629033523,4,2,13
-0.9071678799574991,0,3,13
-0.792247416600314,1,3,13
-0.506487047292615,2,3,13
-2.371397820024613,3,3,13
-0.22079610004146674,4,3,13
-0.5074618867096957,0,4,13
0.05436164506630754,1,4,13
1.2581104545661925,2,4,13
0.5860040154965076,3,4,13
1.9359891224964245,4,4,13
0.3462218600890786,0,0,14
0.3097100594519986,1,0,14
-0.4055597446436443,2,0,14
0.9298878596915044,3,0,14
-0.6279327849332527,4,0,14
-0.17382375370669056,0,1,14
-1.0129236720210542,1,1,14
-0.8221698780751182,2,1,14
0.7171429869444736,3,1,14
-0.21839892332379854,4,1,14
-0.25507214815079615,0,2,14
-0.7430580986286444,1,2,14
-0.9922055732727988,2,2,14
-0.32992001514991326,3,2,14
-0.39824663101330715,4,2,14
-0.5102300516923747,0,3,14
0.26625224758085625,1,3,14
2.152410249259324,2,3,14
2.038099517934321,3,3,14
1.0608780108418836,4,3,14
-1.8799696567747624,0,4,14
0.29648872263808473,1,4,14
-0.4028837576185159,2,4,14
0.006076186134543988,3,4,14
-0.6906177672623972,4,4,14
1.5016602462345239,0,0,15
-0.35058682317250334,1,0,15
-0.48500055053410607,2,0,15
0.010521818130655912,3,0,15
0.4670438322819625,4,0,15
1.3923272316064255,0,1,15
0.30030109110079023,1,1,15
0.1724589842087196,2,1,15
-0.33684030799638465,3,1,15
0.7230859922785053,4,1,15
0.6567687027367393,0,2,15
-0.18224139214563212,1,2,15
-0.0987258605443529,2,2,15
-0.19573672204183232,3,2,15
-0.41223178645566944,4,2,15
1.2713929909569526,0,3,15
2.1215660938741174,1,3,15
-0.1394776236012596,2,3,15
0.4566698610257357,3,3,15
-1.0375173427611502,4,3,15
-0.5208055939684261,0,4,15
0.053389458494493,1,4,15
0.023551129128730638,2,4,15
-0.0370188118531314,3,4,15
-0.4851567959963424,4,4,15
0.8486806959215553,0,0,16
1.4555228749247653,1,0,16
1.6540276081643293,2,0,16
0.23856568596389702,3,0,16
0.5174342854066346,4,0,16
-0.7962591324156307,0,1,16
0.029277890097569946,1,1,16
0.3496812303021964,2,1,16
0.7571155982166619,3,1,16
-0.9805423637981424,4,1,16
-0.353239616270575,0,2,16
-0.45852304849960424,1,2,16
1.024853887683351,2,2,16
0.8208496241457991,3,2,16
0.43072890447355516,4,2,16
-2.3361332656122635,0,3,16
0.5144953885788046,1,3,16
-2.2102729066148807,2,3,16
0.280456831784826,3,3,16
-0.21155849416979894,4,3,16
-1.7976446511610458,0,4,16
-0.9772992026103515,1,4,16
1.6784434376926962,2,4,16
0.613298390995298,3,4,16
0.5451413487113497,4,4,16
0.014781397286007043,0,0,17
-0.1458612194832534,1,0,17
1.2610738491849327,2,0,17
-0.01721892427018616,3,0,17
-0.7370995737991037,4,0,17
-0.5027080809190189,0,1,17
0.30856968012013936,1,1,17
0.241286258760746,2,1,17
-1.133808752229209,3,1,17
-1.8515455325216168,4,1,17
-0.2721367887652945,0,2,17
0.6007890857300815,1,2,17
-0.9572702544328006,2,2,17
0.8819102662067487,3,2,17
0.31003273395423914,4,2,17
-1.2872873297906873,0,3,17
-0.40864454772595316,1,3,17
0.061677919944735676,2,3,17
-1.0162119798581204,3,3,17
-1.5890236078216402,4,3,17
-1.996115535202749,0,4,17
0.877910145294705,1,4,17
1.2278300293295423,2,4,17
0.5077655626088946,3,4,17
0.8982908565398507,4,4,17
-2.4417898263184292,0,0,18
-0.7781875515927583,1,0,18
-0.9420298323734425,2,0,18
0.9114273399778735,3,0,18
2.6633860255610693,4,0,18
0.6394128967249427,0,1,18
-1.0966303955054348,1,1,18
-1.0002804358077755,2,1,18
1.0318012626053903,3,1,18
0.8496011446680596,4,1,18
-0.8882363751084349,0,2,18
-1.7097950414595218,1,2,18
0.16677211472782794,2,2,18
-0.25512347601018665,3,2,18
1.042605267103366,4,2,18
1.6959301957280173,0,3,18
-0.6560918916179228,1,3,18
-2.2492084045638414,2,3,18
-0.035932157199593084,3,3,18
0.052048724256875345,4,3,18
1.0623084116300257,0,4,18
-0.1771779092981573,1,4,18
0.2046007634678751,2,4,18
-0.3862193380694195,3,4,18
-1.3025003179817023,4,4,18
1.6482886320150758,0,0,19
0.28857003990910896,1,0,19
0.30213585078274596,2,0,19
2.125089261808061,3,0,19
1.6619222552329567,4,0,19
1.3715579426424993,0,1,19
0.5336591742957436,1,1,19
0.6243435574862045,2,1,19
-1.160441038710896,3,1,19
0.7931773337939816,4,1,19
-0.09427905954286343,0,2,19
-0.25689518855271526,1,2,19
-1.1120394682693313,2,2,19
0.0530183444681176,3,2,19
0.548219874704208,4,2,19
0.9359508978339145,0,3,19
0.146027219734519,1,3,19
-0.11443374448595738,2,3,19
2.0384237094300524,3,3,19
-0.5269958269507665,4,3,19
-0.4683911770022131,0,4,19
0.961363530787723,1,4,19
0.23855696098122905,2,4,19
-1.2490272698527827,3,4,19
-0.8423041878875145,4,4,19
-1.6588676413379175,0,0,20
-1.0186497541601003,1,0,20
-1.290080569408948,2,0,20
-0.8618756107682803,3,0,20
0.6351347057424113,4,0,20
2.336439800898963,0,1,20
-1.1067416320033752,1,1,20
-1.2917215081606088,2,1,20
0.6401013145914456,3,1,20
0.50409608314473,4,1,20
1.7129748933315867,0,2,20
-0.167709339792913,1,2,20
0.4548678132528284,2,2,20
1.5283725414938714,3,2,20
-0.15431302999231564,4,2,20
0.4489547036037263,0,3,20
1.5694825175148022,1,3,20
0.25584520410818123,2,3,20
-1.2714315922160386,3,3,20
-0.42478004519773377,4,3,20
-0.9634022104562494,0,4,20
0.2360066946662682,1,4,20
-0.7349166807434356,2,4,20
-1.732330302405384,3,4,20
-1.4941697654450352,4,4,20
2.051910834899269,0,0,21
0.07766846009003989,1,0,21
0.40106112761605295,2,0,21
-0.7262102029879564,3,0,21
-0.0989353623069723,4,0,21
-0.8039720514760271,0,1,21
0.26431504283901247,1,1,21
0.35561370414712146,2,1,21
-0.8522123051838169,3,1,21
0.3669945006328575,4,1,21
-1.3063774372209709,0,2,21
0.40569404394628417,1,2,21
-1.0450110757412108,2,2,21
0.2916313857195283,3,2,21
-0.341752379600373,4,2,21
-0.8691164153711252,0,3,21
1.0524132494673089,1,3,21
-0.5617792117289215,2,3,21
0.34003020467233386,3,3,21
-0.39767718209251424,4,3,21
-1.6326728059587088,0,4,21
1.5229693724943059,1,4,21
0.6705602921825558,2,4,21
0.221703863378404,3,4,21
-0.7128061984348469,4,4,21
1.2449446235895312,0,0,22
-0.5710937120510504,1,0,22
1.018558657832715,2,0,22
-0.28380261522295996,3,0,22
0.517126046799579,4,0,22
-0.17916584926587195,0,1,22
1.560232202789851,1,1,22
0.1882912325604572,2,1,22
0.3276405110345861,3,1,22
-0.7729267355325438,4,1,22
-0.13149705883538299,0,2,22
-1.3757815859969509,1,2,22
-0.393820803015932,2,2,22
-2.224763937581802,3,2,22
-1.097052453828661,4,2,22
0.4942886064941746,0,3,22
-0.3201184883505911,1,3,22
0.19461966740379713,2,3,22
-0.6744537883511298,3,3,22
-0.0093129212810037,4,3,22
0.874761987765539,0,4,22
-0.012728880370977235,1,4,22
0.39155227986714963,2,4,22
0.023914024746560434,3,4,22
-1.8407729428021238,4,4,22
0.7132450546814569,0,0,23
-0.38752480592472655,1,0,23
2.267656161345523,2,0,23
-1.8711863717273602,3,0,23
-1.2052940185031373,4,0,23
1.0119399061673213,0,1,23
0.13506328188083114,1,1,23
0.6755187001452921,2,1,23
-0.5917834864098127,3,1,23
2.327389934518474,4,1,23
0.2904698656971188,0,2,23
0.4297666842718404,1,2,23
-0.6739978520121583,2,2,23
1.0151017643828062,3,2,23
0.731554123137836,4,2,23
-1.4101114440510354,0,3,23
-0.31599970185582577,1,3,23
0.5216800241364667,2,3,23
1.9816826559599787,3,3,23
0.6450993087641735,4,3,23
0.5118631969785032,0,4,23
1.5555331594671036,1,4,23
0.16535161893416414,2,4,23
-1.8628250328015716,3,4,23
-0.8408790685616931,4,4,23
0.7960071649061868,0,0,24
-1.0579572713466547,1,0,24
1.584389622079064,2,0,24
-0.5562841288495496,3,0,24
0.011967327050347174,4,0,24
-1.3521876057451607,0,1,24
-0.6100779263921431,1,1,24
1.6286962490721875,2,1,24
1.300925208190678,3,1,24
-0.06279419127449617,4,1,24
1.4628268390562658,0,2,24
-1.0793189664639202,1,2,24
-0.8810013351482622,2,2,24
-0.34094333906736707,3,2,24
-1.0681036690529757,4,2,24
0.5249780308727571,0,3,24
1.2923606614667467,1,3,24
-0.099470812347299,2,3,24
-0.9402696578508021,3,3,24
-0.6139630778467261,4,3,24
1.5884820802666697,0,4,24
-1.3686450798492347,1,4,24
0.8175866308321017,2,4,24
0.6213961636517374,3,4,24
0.3210129994804204,4,4,24
-0.14469625127432048,0,0,25
-0.35406049300044773,1,0,25
-1.0186232690202748,2,0,25
0.6568395996330929,3,0,25
-1.2455654206279447,4,0,25
-0.5321679590442495,0,1,25
0.2806422101704174,1,1,25
-0.7937879152926505,2,1,25
0.5571577144018938,3,1,25
1.6052974420502886,4,1,25
-1.6774172419679807,0,2,25
1.7396818929606572,1,2,25
-3.2036761372289546,2,2,25
0.4006074223342115,3,2,25
0.9028138244531173,4,2,25
0.5321645144326067,0,3,25
-0.7991652100776929,1,3,25
-0.22553546549595177,2,3,25
-0.6415523000314193,3,3,25
-1.6620390648449468,4,3,25
-0.4683436832746196,0,4,25
0.9172592783154941,1,4,25
0.37359722451478683,2,4,25
0.5034024480193254,3,4,25
0.4219206959603908,4,4,25
1.124067313027971,0,0,26
-0.014298316605820233,1,0,26
-0.7879927466871014,2,0,26
-0.06012604448293229,3,0,26
1.4304243712547877,4,0,26
-1.479580610915992,0,1,26
-0.09581154756026526,1,1,26
-0.13933571924678892,2,1,26
-0.7112187531527984,3,1,26
0.3627407220826414,4,1,26
1.150037766085135,0,2,26
-0.16419160512175662,1,2,26
-0.40959701415237737,2,2,26
0.7545425326620849,3,2,26
-1.400424965858294,4,2,26
-0.7283968360390127,0,3,26
0.7657954627290663,1,3,26
2.3755769959941713,2,3,26
1.1095227929493028,3,3,26
1.080991541373964,4,3,26
-0.5684156377196581,0,4,26
0.14415358158267344,1,4,26
-0.6855268733070343,2,4,26
0.8696588138149055,3,4,26
2.5246898318710844,4,4,26
1.1548051217099036,0,0,27
2.1035662358663383,1,0,27
-0.4880120938122625,2,0,27
0.2792535267108777,3,0,27
0.31105567983846677,4,0,27
-1.9168131649908278,0,1,27
-1.3542035146786517,1,1,27
-0.0866264947285861,2,1,27
-0.46779843148847117,3,1,27
2.038623905748234,4,1,27
1.0723268599601277,0,2,27
-0.9790899831597373,1,2,27
-0.04626033480538634,2,2,27
-0.12832966537496535,3,2,27
0.6247522652303628,4,2,27
1.1681885008761672,0,3,27
-0.8484799888452571,1,3,27
0.7842264742242854,2,3,27
0.09774913657796401,3,3,27
-1.1084259517938566,4,3,27
0.12323783110360366,0,4,27
1.160080121295941,1,4,27
-0.5466362279156304,2,4,27
0.017117576070477706,3,4,27
0.16080170410368788,4,4,27
0.7983068404487486,0,0,28
0.7935380888775446,1,0,28
0.22079977682239374,2,0,28
0.763645426479385,3,0,28
-0.7628081120109033,4,0,28
-1.2981534217665327,0,1,28
-0.6603138235155862,1,1,28
0.17773756605810115,2,1,28
0.0886795140368721,3,1,28
1.7930164245386648,4,1,28
0.5429597190489752,0,2,28
-0.881839705620734,1,2,28
0.4128379243198919,2,2,28
1.0935356609858546,3,2,28
0.40112156986432373,4,2,28
1.5239759041655119,0,3,28
0.9611438980410753,1,3,28
-0.7655767750714454,2,3,28
-1.7527209284580503,3,3,28
2.2501594865540624,4,3,28
0.07914688987607701,0,4,28
-0.844963043843408,1,4,28
-0.017040377228279398,2,4,28
-0.33185868319538153,3,4,28
0.35875782738408213,4,4,28
-0.9658608135431761,0,0,29
-1.6995560873279827,1,0,29
1.5851562839212072,2,0,29
0.036835639082509156,3,0,29
-0.5983156172556233,4,0,29
1.6190210409862562,0,1,29
-0.6441256175141934,1,1,29
0.2234610457578956,2,1,29
-0.10406927798213249,3,1,29
0.8677396842207082,4,1,29
0.44743271143520313,0,2,29
-0.6346824011614469,1,2,29
-0.5695475501713415,2,2,29
-1.137218681699462,3,2,29
1.0451224572098219,4,2,29
1.2067706907182834,0,3,29
0.09232893804096588,1,3,29
1.1868330328873615,2,3,29
-2.1987719274099384,3,3,29
-0.5105731382345527,4,3,29
2.102976089174469,0,4,29
-0.06336110115764226,1,4,29
0.29983398664079963,2,4,29
-1.0791547144371696,3,4,29
0.755342017358842,4,4,29
0.5050137751399976,0,0,30
1.0153138452078754,1,0,30
-0.7754184025212761,2,0,30
0.15870592854182577,3,0,30
-1.7167491340377743,4,0,30
-0.13295248705445226,0,1,30
0.6508410608023875,1,1,30
0.49974529398306694,2,1,30
0.41872338025533956,3,1,30
0.7939759988074139,4,1,30
1.7340954183984099,0,2,30
0.03680201885730121,1,2,30
0.14476861049946071,2,2,30
0.03355390184846282,3,2,30
0.2501781210924652,4,2,30
-1.1991316160464522,0,3,30
-0.2385507551876328,1,3,30
0.5796652634386731,2,3,30
0.5332702192299517,3,3,30
-0.15869124862018555,4,3,30
-0.11305189675380332,0,4,30
-1.920863519460294,1,4,30
0.6264080333876173,2,4,30
1.0114928219742898,3,4,30
0.34832145741338144,4,4,30
-1.8025282361691115,0,0,31
0.5486273579981945,1,0,31
-0.18965973270798545,2,0,31
-1.5283378333411552,3,0,31
0.6444308425982185,4,0,31
-0.5429100920409444,0,1,31
-0.0035207826381474486,1,1,31
0.8454098753913858,2,1,31
-0.8877712660222743,3,1,31
0.5239024628979422,4,1,31
-0.24405046719696144,0,2,31
0.06406551410307922,1,2,31
-0.12584253919829663,2,2,31
-0.7194795590202278,3,2,31
-1.001718658990778,4,2,31
0.35804993213728503,0,3,31
-0.17298482213563943,1,3,31
-0.6455966572997784,2,3,31
-0.21257789528701432,3,3,31
-1.977865757901826,4,3,31
0.03338847422037452,0,4,31
-0.10729472712366392,1,4,31
0.48131276628288067,2,4,31
-1.0713472351536628,3,4,31
1.3148947242667621,4,4,31
0.14158643399915408,0,0,32
0.6885768878961265,1,0,32
-0.4943011211367472,2,0,32
-1.236630230957679,3,0,32
0.2804769725207997,4,0,32
-0.6681577704232495,0,1,32
-0.8539507703517238,1,1,32
-1.4937491843744326,2,1,32
0.6001143931746353,3,1,32
1.8513929705494738,4,1,32
1.095743259858359,0,2,32
0.153607735317073,1,2,32
-0.7805898254440282,2,2,32
1.4008097230239347,3,2,32
1.876228455284662,4,2,32
-0.4145604131367721,0,3,32
-0.5123323813985892,1,3,32
0.29589279554323866,2,3,32
0.842469811064368,3,3,32
-0.534321245956398,4,3,32
-0.25675592938503555,0,4,32
2.805517069800337,1,4,32
-0.6608343108650899,2,4,32
0.6427022435089058,3,4,32
-0.06996631348081134,4,4,32
0.8911652547106524,0,0,33
-1.2063550578810207,1,0,33
0.6208084456192491,2,0,33
1.6606647344976957,3,0,33
-0.7569858270105403,4,0,33
-0.06318225598406864,0,1,33
-1.689908088488192,1,1,33
0.13798576952761074,2,1,33
-0.4415058999705821,3,1,33
-0.0472677962985401,4,1,33
-1.2856378468579324,0,2,33
0.866017989001665,1,2,33
-1.0133346235763723,2,2,33
-1.012279947103823,3,2,33
0.5532749056767148,4,2,33
-0.5213438248887085,0,3,33
0.5466466718475591,1,3,33
-1.2508059025183424,2,3,33
-0.7914057708637567,3,3,33
-0.37186924184418413,4,3,33
-0.11456603811344791,0,4,33
0.6979551931502614,1,4,33
-1.3857736591904142,2,4,33
-1.4243848730132376,3,4,33
-0.7949185376528335,4,4,33
2.2093806270799874,0,0,34
-0.4937342228702219,1,0,34
1.3424721693845332,2,0,34
-0.5682842196989714,3,0,34
-1.1123916105840415,4,0,34
0.5508853536030287,0,1,34
0.513791909783656,1,1,34
-1.4177753795598456,2,1,34
-0.5272605861230144,3,1,34
-0.2870635508374894,4,1,34
1.9157568078069256,0,2,34
1.7937788112938473,1,2,34
-0.4489985158719691,2,2,34
0.7713189485649624,3,2,34
-0.8212467167934168,4,2,34
2.2745317955564164,0,3,34
-0.9436655675012401,1,3,34
0.22692419137926848,2,3,34
1.059979218672177,3,3,34
0.07320895369061287,4,3,34
-1.1282936232272962,0,4,34
-1.1500111544896578,1,4,34
0.034826806581486076,2,4,34
0.45892583178510876,3,4,34
-0.1789126140591553,4,4,34
0.036382628445477225,0,0,35
-0.3926681598372207,1,0,35
-0.664299076933953,2,0,35
-1.6913370120484486,3,0,35
-0.994970341861987,4,0,35
-1.4481325958600904,0,1,35
0.10056300746122573,1,1,35
-0.019007927746815503,2,1,35
1.219494629985714,3,1,35
0.06859906025176583,4,1,35
0.029138394848598353,0,2,35
0.2965530278042504,1,2,35
0.18869391935434282,2,2,35
-0.06157506612564943,3,2,35
0.07536981344427116,4,2,35
0.36436833303999916,0,3,35
0.2706884109788573,1,3,35
-1.237906122022939,2,3,35
-1.0178586192002308,3,3,35
1.773275139264519,4,3,35
0.7499346291077703,0,4,35
0.19655019837396742,1,4,35
-1.013804434449434,2,4,35
-1.5210445249967268,3,4,35
-0.7170227583504668,4,4,35
-1.2038500410999002,0,0,36
0.0867987031917671,1,0,36
0.21333964325465796,2,0,36
-1.1821746726716194,3,0,36
0.14579510921271083,4,0,36
-0.056547589318699513,0,1,36
0.10281858863426513,1,1,36
2.6605375041462076,2,1,36
-0.516145821603274,3,1,36
1.0768967989235934,4,1,36
0.7127887229131069,0,2,36
-1.012148444817702,1,2,36
1.0803861141369546,2,2,36
-0.9379664104310255,3,2,36
0.013333141839847757,4,2,36
0.8845398369607546,0,3,36
-1.2156381713410584,1,3,36
1.8074346046416883,2,3,36
0.6847003687460236,3,3,36
-0.9255936077274411,4,3,36
0.8365869321067086,0,4,36
0.5260572150155733,1,4,36
0.1040794671967783,2,4,36
0.4199113024737067,3,4,36
0.8228399250812902,4,4,36
0.3860457681227288,0,0,37
-0.8850852672459643,1,0,37
-1.168694731886719,2,0,37
-0.4149368548111757,3,0,37
-0.309126797426881,4,0,37
1.228416847205649,0,1,37
0.6961251224674513,1,1,37
-2.514231373651803,2,1,37
0.03015031865379839,3,1,37
-1.0071370051769848,4,1,37
2.07023760123893,0,2,37
0.5957574576700806,1,2,37
-0.2590458881433409,2,2,37
-1.4825722453999295,3,2,37
-0.6437501393328671,4,2,37
1.0865681599699684,0,3,37
-0.8749827452784728,1,3,37
0.6919735710696646,2,3,37
0.24271356297474458,3,3,37
-0.726872962332258,4,3,37
0.7693711079984769,0,4,37
0.08064048702105614,1,4,37
-0.8150477028253107,2,4,37
0.20921163050614208,3,4,37
0.06174400815950167,4,4,37
0.20900059832020643,0,0,38
0.0598295753560932,1,0,38
-0.9754386595798973,2,0,38
-1.1937902109250516,3,0,38
1.541795478305736,4,0,38
1.190765849547418,0,1,38
-0.5318444615235282,1,1,38
-0.6156890782757861,2,1,38
0.11599044314295683,3,1,38
-0.6024816861646586,4,1,38
-0.4155092248825762,0,2,38
0.7465757251368296,1,2,38
-1.7221161091690853,2,2,38
1.2926432456340873,3,2,38
0.5481663109897202,4,2,38
0.43199322298605597,0,3,38
-0.5567092866012106,1,3,38
0.6314145534030846,2,3,38
0.2512729954143049,3,3,38
-2.7408207714040236,4,3,38
0.8710740892612449,0,4,38
0.8546946573038913,1,4,38
0.5768613759466947,2,4,38
-0.9848636832032368,3,4,38
0.1005302966519688,4,4,38
-0.6923530651948012,0,0,39
0.036589056616466026,1,0,39
-1.9305023437007123,2,0,39
2.0838755105407674,3,0,39
0.7295040432773305,4,0,39
1.668547238952908,0,1,39
0.22061610721587235,1,1,39
0.6911818129834599,2,1,39
2.9890898916535096,3,1,39
0.7201883041362886,4,1,39
-0.6493696427669361,0,2,39
-1.6348422678041923,1,2,39
0.831096604660546,2,2,39
-0.0462113051148222,3,2,39
-2.158120318561224,4,2,39
1.0532012058023,0,3,39
-0.10039117613913669,1,3,39
-0.11826275216361957,2,3,39
2.1009703039478564,3,3,39
-1.0587671832554841,4,3,39
-1.5107081037548928,0,4,39
1.2019225420356665,1,4,39
1.3003333717926238,2,4,39
0.06301639726180532,3,4,39
-0.2840220387244592,4,4,39
-0.39774548571070234,0,0,40
0.6853996871626264,1,0,40
-0.11326170545074858,2,0,40
-1.4179727068870658,3,0,40
0.5344348365220426,4,0,40
0.2563007180525347,0,1,40
-0.9135937937624385,1,1,40
-1.420183273932163,2,1,40
1.6245095830661214,3,1,40
-0.18109662723224937,4,1,40
0.7413327490427558,0,2,40
-0.7700919371180454,1,2,40
-1.2890398883711043,2,2,40
-1.427576317120975,3,2,40
1.6562079536146888,4,2,40
1.0301926939543455,0,3,40
-0.546210317662731,1,3,40
0.27644622741144687,2,3,40
0.38339632399711093,3,3,40
-1.1223062087479985,4,3,40
0.3751185922578445,0,4,40
0.5670283450264093,1,4,40
0.583565248402815,2,4,40
0.9968656166749006,3,4,40
-0.8858927500519792,4,4,40
2.1460786987623677,0,0,41
0.48914846427194797,1,0,41
0.7472739027120033,2,0,41
0.21310616941128022,3,0,41
-0.044358136149068764,4,0,41
2.100909831529934,0,1,41
0.23323722740946598,1,1,41
-1.018815614029632,2,1,41
0.10740380569120432,3,1,41
2.147410961906609,4,1,41
1.138777872700987,0,2,41
0.9927459913972707,1,2,41
-1.4916846199252511,2,2,41
-1.9693647828083822,3,2,41
1.12619810009059,4,2,41
-0.5824740524727877,0,3,41
-0.3810938349063479,1,3,41
-1.1099145742008076,2,3,41
-1.1171794415037453,3,3,41
0.2358288720288671,4,3,41
0.46052813757022915,0,4,41
0.5897623205591359,1,4,41
-0.06726661654381394,2,4,41
1.4608147882251263,3,4,41
-2.1258812260056152,4,4,41
1.0279964243546618,0,0,42
-0.5237752038485785,1,0,42
0.43340340142326655,2,0,42
0.8743119292609216,3,0,42
0.3788573603306281,4,0,42
1.5325589369138213,0,1,42
-1.0258102011042871,1,1,42
1.1788123625107818,2,1,42
1.040993039699819,3,1,42
0.13008736948029173,4,1,42
0.0760100231282492,0,2,42
0.6432375185586738,1,2,42
-0.28345810728871346,2,2,42
2.6049702214306953,3,2,42
-1.1243439496515828,4,2,42
0.039740761688055376,0,3,42
-1.3160342763265551,1,3,42
1.2997544989818415,2,3,42
-1.2903798121137062,3,3,42
-0.383636553207652,4,3,42
-0.5056899729524361,0,4,42
-1.0729044395342742,1,4,42
-0.46037129702908763,2,4,42
0.6294222106409701,3,4,42
0.6002994034762668,4,4,42
0.868868938216778,0,0,43
0.09745642983757523,1,0,43
-0.016674911057120486,2,0,43
-2.26782753326662,3,0,43
0.204069564543329,4,0,43
1.1889670119333404,0,1,43
-0.9081157126635788,1,1,43
0.9695753311747725,2,1,43
1.4685129324524433,3,1,43
2.0257431397662424,4,1,43
-0.3104531526010786,0,2,43
-0.7518147804479227,1,2,43
0.6596150063621351,2,2,43
-0.5561888828748405,3,2,43
2.383621574147524,4,2,43
1.2939178545596994,0,3,43
1.7061533813679288,1,3,43
1.531053805794441,2,3,43
-1.5388304352263742,3,3,43
1.6993097239323058,4,3,43
0.29705961037956585,0,4,43
1.3639493311831536,1,4,43
0.70165632886374,2,4,43
0.49822008524943645,3,4,43
-0.880284224464493,4,4,43
1.174607141952379,0,0,44
-0.6683578879946822,1,0,44
-0.10712536997476692,2,0,44
0.6588954676016069,3,0,44
0.5023628463416194,4,0,44
0.0660732131351717,0,1,44
-0.10579532160496133,1,1,44
0.8950156641996659,2,1,44
-1.2074452082277816,3,1,44
0.7106661936609443,4,1,44
-0.920524647049534,0,2,44
1.1062354348078365,1,2,44
1.4700644730324333,2,2,44
0.1417803143370614,3,2,44
1.1048775663730561,4,2,44
-0.7150134299814158,0,3,44
1.2506151395285507,1,3,44
0.29972297278057747,2,3,44
1.4582316885450797,3,3,44
0.1627377467093386,4,3,44
-0.33652498509452694,0,4,44
-0.3876293482726708,1,4,44
-0.3281633894258132,2,4,44
0.31366627360824817,3,4,44
0.46423436293872183,4,4,44
-1.4291990375667447,0,0,45
-0.8495060835645717,1,0,45
0.6379547610296884,2,0,45
-1.1052294913564187,3,0,45
-0.07118244503536501,4,0,45
-0.5080167420185129,0,1,45
-0.9644926768575666,1,1,45
1.973028466457887,2,1,45
-0.552118374474982,3,1,45
-0.15084341610878366,4,1,45
-0.6656108750580734,0,2,45
-0.6403226858140734,1,2,45
0.5705235031231455,2,2,45
0.8457352040536228,3,2,45
-0.19807105759605537,4,2,45
0.16996171631660112,0,3,45
-0.2671235053156706,1,3,45
2.046669128277154,2,3,45
-1.1170489325176942,3,3,45
-0.6346403592931458,4,3,45
-0.42520962652251365,0,4,45
0.6015661147935184,1,4,45
-0.6159098653802786,2,4,45
0.9153268239388797,3,4,45
0.7310902894536124,4,4,45
0.0830630955286065,0,0,46
-0.8011095806255827,1,0,46
-0.6358065945195278,2,0,46
-0.262870967670228,3,0,46
1.1080982139490174,4,0,46
-0.8859493828760212,0,1,46
1.813792369453965,1,1,46
0.36347906573410593,2,1,46
1.516109763254083,3,1,46
-0.6530007037660509,4,1,46
-1.048628199943067,0,2,46
0.5460357850840334,1,2,46
0.8949108258601708,2,2,46
0.28084404169818944,3,2,46
1.6798107742635553,4,2,46
-1.7982691747003108,0,3,46
-1.113947960597994,1,3,46
2.3474376064470612,2,3,46
-0.12296403435692226,3,3,46
0.045921569953284704,4,3,46
0.9894798125500105,0,4,46
-0.32741037640969217,1,4,46
0.8804981952244308,2,4,46
-0.3093076587164737,3,4,46
0.8212768629705606,4,4,46
1.0243329724775154,0,0,47
0.932907929352611,1,0,47
-1.3645076188075882,2,0,47
-0.5347609824394809,3,0,47
0.46730074955916723,4,0,47
-0.15379282637491148,0,1,47
0.26623388902818773,1,1,47
-0.954066320939525,2,1,47
-0.8815337665681522,3,1,47
1.7280166469643954,4,1,47
1.1557996647962347,0,2,47
-0.20823632187734872,1,2,47
-2.0726173810521042,2,2,47
0.7731170079516936,3,2,47
-0.31335604911414233,4,2,47
0.6995518014348723,0,3,47
-0.6710732418817236,1,3,47
0.3550967189967814,2,3,47
-0.35712577856744476,3,3,47
-0.2596536186812391,4,3,47
1.4991928851224077,0,4,47
0.22563924655734885,1,4,47
-0.8117304577787897,2,4,47
0.6065576508996156,3,4,47
-1.6583274007953517,4,4,47
0.173259745930736,0,0,48
-0.3318905849929014,1,0,48
1.0240310247728284,2,0,48
1.2655796713018035,3,0,48
0.9731081541698026,4,0,48
0.7870206489292136,0,1,48
-0.2647458442339583,1,1,48
0.320229172531748,2,1,48
-0.7387141753530858,3,1,48
0.9233905353507657,4,1,48
-2.1887862000614398,0,2,48
0.4670578600176039,1,2,48
2.34947015901554,2,2,48
0.49251638111512736,3,2,48
-0.9763860025323439,4,2,48
-0.8064023439302203,0,3,48
-3.142600013224951,1,3,48
-1.2270139979997994,2,3,48
1.3505077588347127,3,3,48
0.5687554802804766,4,3,48
1.8202794046385788,0,4,48
-0.3139387918489381,1,4,48
-1.9056702008189277,2,4,48
-1.089396486913692,3,4,48
0.5289908671569848,4,4,48
1.3765599302067577,0,0,49
0.6261128260767456,1,0,49
0.6976936514355928,2,0,49
0.7763338427509916,3,0,49
-0.23266886191471814,4,0,49
-0.18118642569828863,0,1,49
-0.5031740253235338,1,1,49
1.2163766729161818,2,1,49
1.1402000583992449,3,1,49
0.07240116801453686,4,1,49
0.41278687428848054,0,2,49
-0.9524438425662043,1,2,49
-0.7823758657086466,2,2,49
-0.9908375572043471,3,2,49
0.4803402477911338,4,2,49
0.12959766465441572,0,3,49
0.43393989012813344,1,3,49
-1.0152688038438085,2,3,49
-0.3860907521239407,3,3,49
-0.6554389944461179,4,3,49
-0.0199240236670869,0,4,49
1.2830481324828584,1,4,49
1.865559000397203,2,4,49
-0.44946112113808456,3,4,49
-0.46131317401042854,4,4,49
0.8821413575611539,0,0,50
-0.5991652467494126,1,0,50
-1.4415890179845277,2,0,50
1.2650140789295308,3,0,50
-1.2667267121444892,4,0,50
1.1354079264011607,0,1,50
0.4311550475712464,1,1,50
-0.3034511533225258,2,1,50
-0.42808538959480535,3,1,50
-0.9169755537273366,4,1,50
1.1529742705241548,0,2,50
-0.21691139993369418,1,2,50
0.5701918274005064,2,2,50
1.1409743374915562,3,2,50
0.11396880250769383,4,2,50
-1.1680793425132354,0,3,50
-1.958221831962306,1,3,50
1.9528073096726966,2,3,50
0.6170654445450824,3,3,50
0.957162633966468,4,3,50
-1.1927466586725224,0,4,50
-0.9792407975444279,1,4,50
-0.6538293038473739,2,4,50
0.791814523565151,3,4,50
-0.2674586865357379,4,4,50
-0.04919040458314735,0,0,51
-1.035025976383956,1,0,51
-0.538171230737555,2,0,51
-0.7451490483777666,3,0,51
0.33412708797878227,4,0,51
0.7880429259566624,0,1,51
0.917005538049377,1,1,51
-1.5999023986845886,2,1,51
0.30813565420666855,3,1,51
1.1496076024149235,4,1,51
1.0292532960090066,0,2,51
0.6340512457412982,1,2,51
1.0626256111079702,2,2,51
-0.2869565044065633,3,2,51
-1.2851544568619395,4,2,51
0.6252113821962445,0,3,51
-1.461240565533223,1,3,51
0.5142305543165965,2,3,51
-0.45912822379806134,3,3,51
-0.5598576901109437,4,3,51
-0.5968790708483083,0,4,51
-1.8521045765936797,1,4,51
-1.0749160965849454,2,4,51
-0.6949151145671348,3,4,51
0.3898831493136791,4,4,51
-1.8156116570832739,0,0,52
-0.04185917061904228,1,0,52
-0.8268667637451801,2,0,52
0.18644597413382574,3,0,52
-1.3251332003792486,4,0,52
-0.37392354567128994,0,1,52
1.1302786723095106,1,1,52
0.15769001646189632,2,1,52
1.8220943582558333,3,1,52
-0.44644189117166433,4,1,52
-1.0137563540539738,0,2,52
-0.4285572258146015,1,2,52
-0.05802152183898568,2,2,52
0.9308568882288804,3,2,52
0.24737424987283246,4,2,52
1.4001394390996773,0,3,52
-0.5439152467420577,1,3,52
-0.7650705002377657,2,3,52
0.1142898152249596,3,3,52
0.18321814426537644,4,3,52
-0.6523012150614668,0,4,52
0.39609987498354926,1,4,52
1.0941609936627221,2,4,52
-0.4137853375253263,3,4,52
0.09649865954251811,4,4,52
0.2916096437222637,0,0,53
0.8234970780522742,1,0,53
0.6533021744852743,2,0,53
-1.1385750884208907,3,0,53
0.4654567232149123,4,0,53
-0.783601660458371,0,1,53
1.4729247795141638,1,1,53
0.8388949559124342,2,1,53
-1.4903371556391602,3,1,53
1.546326011296117,4,1,53
-0.3247184416137654,0,2,53
-0.5781510507012039,1,2,53
-1.0210058427904305,2,2,53
-0.6517244166244953,3,2,53
-1.2504409697786973,4,2,53
0.8606066977933048,0,3,53
0.7864256412934956,1,3,53
0.6115520216260618,2,3,53
1.5246935891428928,3,3,53
0.8449311818804909,4,3,53
-0.45600150295509095,0,4,53
0.2638125501219043,1,4,53
1.7563845519489971,2,4,53
-0.33311076328518674,3,4,53
-1.7420370353569956,4,4,53
-0.4983622757505425,0,0,54
-0.7187849014062434,1,0,54
1.8439695848583701,2,0,54
-0.20881703501275917,3,0,54
-1.9548517459528694,4,0,54
1.4933041782719387,0,1,54
-0.5648642174665798,1,1,54
-0.15131555096589544,2,1,54
0.780559621723458,3,1,54
-0.19459992471615215,4,1,54
-0.9150560658704976,0,2,54
-1.3589355416759614,1,2,54
-0.0682098763219506,2,2,54
0.5083496491342976,3,2,54
-0.0798787033281476,4,2,54
-0.6498425149676925,0,3,54
1.4637280950576004,1,3,54
1.0502451946636566,2,3,54
0.44899034911972396,3,3,54
-1.0138777398466532,4,3,54
-0.03167633274171499,0,4,54
0.5941459419946195,1,4,54
1.5645106076067705,2,4,54
-1.6825336077018054,3,4,54
0.34111750285505216,4,4,54
-0.8343649376191128,0,0,55
-1.301875864269612,1,0,55
-0.39965855462342276,2,0,55
-0.8505597034054977,3,0,55
-1.2468849410295484,4,0,55
-0.7667721105605741,0,1,55
-0.6933700591646953,1,1,55
-2.639550930957526,2,1,55
0.21812894383446546,3,1,55
-2.265673755307669,4,1,55
-0.6193240413483789,0,2,55
-0.5912141286334378,1,2,55
0.29233191602614134,2,2,55
1.80016319914768,3,2,55
-0.11823102772666576,4,2,55
0.13889796589086634,0,3,55
-0.9699191357157125,1,3,55
0.6508377440260029,2,3,55
0.4772165036312399,3,3,55
1.4168763909116016,4,3,55
0.10147379180269972,0,4,55
1.8529571221738237,1,4,55
-1.3386433322308964,2,4,55
-0.2695700315630869,3,4,55
0.43893526571325153,4,4,55
-1.194585435841795,0,0,56
-1.561153794530033,1,0,56
0.34560659467497606,2,0,56
-1.4860704983688215,3,0,56
-0.7890833010859242,4,0,56
0.8795335101434869,0,1,56
0.06763445886056524,1,1,56
-1.0251512325149001,2,1,56
-2.2278056603908793,3,1,56
-0.7810319106016784,4,1,56
-0.9115264425817099,0,2,56
0.6225024826693598,1,2,56
-0.8975159714847881,2,2,56
-0.14247774760147378,3,2,56
0.4720570039074126,4,2,56
-0.03080573773318536,0,3,56
-0.9456552736937502,1,3,56
-0.24872807884863682,2,3,56
2.170910704782013,3,3,56
1.1196330855169374,4,3,56
0.3080378172635701,0,4,56
-1.1645534402994722,1,4,56
-0.2554584232738429,2,4,56
1.3974158815394893,3,4,56
-1.5939450125967087,4,4,56
0.23707699801913812,0,0,57
-1.162914308609764,1,0,57
0.44336717515404184,2,0,57
-1.039374926936888,3,0,57
0.6568462223310126,4,0,57
1.87146239588115,0,1,57
-0.9790467488076956,1,1,57
1.5813262950394766,2,1,57
-0.34905848059366335,3,1,57
-0.6037653335712461,4,1,57
1.3699038719458976,0,2,57
-1.1702077744721502,1,2,57
0.7126745084184855,2,2,57
-1.5518089068806,3,2,57
0.48265938505396094,4,2,57
-0.33563182725392704,0,3,57
1.3398148278931876,1,3,57
-0.08859933225589367,2,3,57
-0.12428592228157921,3,3,57
0.10969581524704093,4,3,57
1.9522149597714986,0,4,57
-0.8856292118904392,1,4,57
-1.0874394029035157,2,4,57
1.8283502797314384,3,4,57
-0.86953878399944,4,4,57
1.9648586219458566,0,0,58
0.8630697825699107,1,0,58
0.7949889484152778,2,0,58
-0.64299128827698,3,0,58
-0.5187395213921921,4,0,58
-0.9234159740521842,0,1,58
2.444501626529011,1,1,58
-0.18203438372025366,2,1,58
1.0544082890183664,3,1,58
-0.44214332376573706,4,1,58
0.7468017743406004,0,2,58
0.9033774821300065,1,2,58
-0.3195007825138691,2,2,58
-0.06418534152882455,3,2,58
-0.4437878008263663,4,2,58
0.7938226063278871,0,3,58
0.05176608012929664,1,3,58
-0.4962059861113727,2,3,58
1.6034204579327243,3,3,58
0.025458628676631283,4,3,58
1.124046982907315,0,4,58
-1.5485070739633156,1,4,58
0.03518195567626508,2,4,58
-1.289144048786137,3,4,58
-1.1093535881575711,4,4,58
1.5675099289561298,0,0,59
0.6451069458321682,1,0,59
-1.7880283786870437,2,0,59
-0.10620406237713015,3,0,59
0.041870552922463285,4,0,59
-0.03438767216474851,0,1,59
0.8315361513526042,1,1,59
-0.4977459624744559,2,1,59
-0.09230376061987726,3,1,59
0.7275525818671268,4,1,59
1.2064227988133247,0,2,59
-0.4319042192396282,1,2,59
-0.6051995314558314,2,2,59
-0.8124005229170865,3,2,59
1.0686332011002633,4,2,59
0.6285355377923689,0,3,59
1.5826083290655653,1,3,59
-1.168644620651436,2,3,59
-1.549375626493012,3,3,59
-0.74749537140795,4,3,59
-0.4544806397920667,0,4,59
-1.0039200068217544,1,4,59
1.1080551223892605,2,4,59
-1.4727492089184206,3,4,59
-0.5377185767582853,4,4,59
1.1310613948855779,0,0,60
-0.6932007155494602,1,0,60
0.49528761078860983,2,0,60
0.4094086939123884,3,0,60
-1.4666780687846515,4,0,60
-0.7144859836310713,0,1,60
0.21945203526009666,1,1,60
0.09564551180395625,2,1,60
-0.0912860507998929,3,1,60
-0.6401287200212384,4,1,60
-0.9019113529557568,0,2,60
-1.366119846195769,1,2,60
-1.2485525672408544,2,2,60
-0.5362355490943411,3,2,60
-0.295460886829528,4,2,60
0.030777159660111998,0,3,60
1.2595025519547647,1,3,60
0.3133580475875515,2,3,60
0.2760186763650516,3,3,60
0.18595277001532232,4,3,60
1.0303055228234481,0,4,60
-1.3738450071367316,1,4,60
-0.3243141653836234,2,4,60
2.2996568637443597,3,4,60
0.591361630103551,4,4,60
0.2932569059728473,0,0,61
-2.3688007706390546,1,0,61
-0.3922678252839418,2,0,61
0.7202025642277791,3,0,61
-0.11638510866547298,4,0,61
-0.9733418496638707,0,1,61
-0.3603151018791567,1,1,61
0.7455523626795946,2,1,61
0.0004483487001091946,3,1,61
-1.2375611107260338,4,1,61
-3.216825593997468,0,2,61
0.10226902168943432,1,2,61
-0.4359208004432042,2,2,61
-0.16418395201779756,3,2,61
-1.9117371756250077,4,2,61
0.16893090424639892,0,3,61
-1.5028805767489366,1,3,61
1.2178810898444719,2,3,61
-1.4850184598189309,3,3,61
1.0529852931179753,4,3,61
-0.7513272688201524,0,4,61
-0.4866010636891196,1,4,61
-0.83844317815461,2,4,61
-0.9473727470190493,3,4,61
1.0745118056165206,4,4,61
0.7774650066583839,0,0,62
1.4793658422413178,1,0,62
0.7523193057835632,2,0,62
1.669895052815117,3,0,62
-0.3281908240552434,4,0,62
-1.1552819894945965,0,1,62
0.01111633342703749,1,1,62
-1.8059211135230406,2,1,62
-0.934771890367823,3,1,62
-0.48008796542817145,4,1,62
0.2082183584207247,0,2,62
0.17179547137454618,1,2,62
0.3721059728846752,2,2,62
1.1782270474449044,3,2,62
0.3900851253326559,4,2,62
-1.7284980865614576,0,3,62
-1.8922001618231516,1,3,62
0.5129256657923954,2,3,62
-1.466746916193463,3,3,62
1.3619538145650723,4,3,62
0.8143653071089891,0,4,62
-1.3814455978273188,1,4,62
-1.208159027772237,2,4,62
0.2405301926017949,3,4,62
-1.0048197916324297,4,4,62
-0.17684590396315175,0,0,63
-0.17155248743802065,1,0,63
0.5814363388597743,2,0,63
-0.54262745079415,3,0,63
-1.1961404755298362,4,0,63
-0.6057493818007154,0,1,63
1.1448914982724312,1,1,63
0.6636882737193953,2,1,63
0.548224247837516,3,1,63
0.04576048302481578,4,1,63
-0.39488702526049463,0,2,63
-0.17841352239967834,1,2,63
0.23802306769079687,2,2,63
-1.8628314396055292,3,2,63
0.5477699714866718,4,2,63
0.6371569519801513,0,3,63
0.14762101914866899,1,3,63
1.5860413002193834,2,3,63
-1.050499266468071,3,3,63
1.3137188893014617,4,3,63
-0.3037001040862086,0,4,63
0.7196979861821855,1,4,63
-0.18307750150234817,2,4,63
-0.8657069911140943,3,4,63
2.112017524031524,4,4,63
-1.2937199110630997,0,0,64
-0.8316361295504127,1,0,64
-1.2972668820950324,2,0,64
-2.2734239576374105,3,0,64
0.4909688647885905,4,0,64
-0.7182500625211449,0,1,64
-0.08448376574558836,1,1,64
-1.8103576353906774,2,1,64
-0.5771989878778301,3,1,64
-0.14860631782118053,4,1,64
2.325118703436827,0,2,64
0.39213208851113346,1,2,64
-0.33748814037555197,2,2,64
1.5629607369346168,3,2,64
1.1760319302295124,4,2,64
0.21639716514636936,0,3,64
-0.31571293978627474,1,3,64
-1.2648285329602886,2,3,64
-1.416894339066463,3,3,64
-0.834996228116517,4,3,64
-0.974189059294854,0,4,64
2.06066497308135,1,4,64
-1.495128440304775,2,4,64
-0.30015029744734995,3,4,64
0.9262869832286426,4,4,64
-0.29315945838021357,0,0,65
0.2325475442167448,1,0,65
0.4480760061812021,2,0,65
0.265917508552546,3,0,65
1.0911941856281278,4,0,65
0.7405177285496966,0,1,65
-1.4546387232157698,1,1,65
0.6683479053002254,2,1,65
1.1067163712587846,3,1,65
-0.5285969066971837,4,1,65
0.292308765769763,0,2,65
0.9141122924291694,1,2,65
-0.38126731217845905,2,2,65
-1.7534608121771804,3,2,65
-0.21098808257155605,4,2,65
-0.3112167394051023,0,3,65
0.8628959923772892,1,3,65
-0.8001481897557451,2,3,65
-0.484794062112056,3,3,65
1.157654500592507,4,3,65
0.7468878839766263,0,4,65
-1.3349968742673917,1,4,65
0.4979137568511351,2,4,65
-2.024870369072682,3,4,65
-1.4928003612094567,4,4,65
2.2775234891943015,0,0,66
0.5581680692490376,1,0,66
-0.502285556793405,2,0,66
0.3450378973210669,3,0,66
-0.015722994361784516,4,0,66
-0.5129777047822256,0,1,66
0.9349920116265144,1,1,66
0.781260112764737,2,1,66
-0.1980601890503711,3,1,66
1.4427151558604212,4,1,66
1.4289029566082538,0,2,66
-0.40823544152185764,1,2,66
-2.0276794060080703,2,2,66
0.4498283539894417,3,2,66
-0.3592204555998477,4,2,66
2.066640932114751,0,3,66
-0.22765648622196058,1,3,66
-0.42040936277203633,2,3,66
-0.4109236344162834,3,3,66
-0.5728212429663739,4,3,66
-1.2391136319055978,0,4,66
0.4683200033327622,1,4,66
0.7017955457633157,2,4,66
0.37681272026802753,3,4,66
0.39496065669110114,4,4,66
-0.8397413633291858,0,0,67
-0.12380828377366382,1,0,67
-2.87570743863634,2,0,67
1.3513774000623755,3,0,67
0.2927489081232298,4,0,67
-0.0897747191103611,0,1,67
1.6228190677209702,1,1,67
-0.4032628074610415,2,1,67
0.2963787549571136,3,1,67
-0.6781011808480966,4,1,67
0.2718270334423936,0,2,67
-2.5843544434125567,1,2,67
-0.10427464165961828,2,2,67
0.9958846090223334,3,2,67
0.5032587416114724,4,2,67
1.6382573952260668,0,3,67
0.7144168553593427,1,3,67
0.05934478753343111,2,3,67
1.7984049220694291,3,3,67
0.045491216055852116,4,3,67
-0.8516328474687551,0,4,67
0.8722538606587784,1,4,67
-0.10372256398920597,2,4,67
0.12867117481866652,3,4,67
-0.07913101521890878,4,4,67
-0.3702627310804513,0,0,68
-0.4298175039112246,1,0,68
1.4300444416102407,2,0,68
-1.523291185487797,3,0,68
0.0812074128831181,4,0,68
-1.3687089202819187,0,1,68
-0.9755244758850155,1,1,68
-0.7715283710148224,2,1,68
0.9025233969127551,3,1,68
-0.6508137978527202,4,1,68
-0.11362902782374439,0,2,68
0.2362786073713915,1,2,68
-0.6872022289902718,2,2,68
-2.4296920096220807,3,2,68
-0.23952747088023593,4,2,68
-0.5358031950255645,0,3,68
-1.4355966222043226,1,3,68
-0.4239432912347363,2,3,68
0.6137710387417765,3,3,68
-0.167126524434396,4,3,68
-1.8928122577417128,0,4,68
1.7943802812860838,1,4,68
1.1590109465561471,2,4,68
-0.002328411876402392,3,4,68
-0.04671270434905472,4,4,68
0.016926415995526276,0,0,69
-0.1511809528254308,1,0,69
0.8715890243532386,2,0,69
0.06753723373061031,3,0,69
0.7411675708329241,4,0,69
2.2543051120574322,0,1,69
-0.6226931774079649,1,1,69
0.4751802548491144,2,1,69
-0.46106949636986305,3,1,69
-0.9999641556346941,4,1,69
0.84144734510799,0,2,69
0.2544699992137281,1,2,69
1.322729073971275,2,2,69
-1.0810384649520692,3,2,69
-2.7777384235324702,4,2,69
-0.3072651660884653,0,3,69
-0.6774938561393012,1,3,69
-0.9998585960512248,2,3,69
-0.23333132328756162,3,3,69
0.14775055002461673,4,3,69
-0.5937993038108604,0,4,69
1.3080210004763921,1,4,69
0.06023497826261909,2,4,69
-1.2788703599239393,3,4,69
-0.7425653512181934,4,4,69
0.20134000579135658,0,0,70
0.8497676260468486,1,0,70
0.835917598903805,2,0,70
-0.8359192150638279,3,0,70
-0.22179776006148053,4,0,70
-1.101412387842497,0,1,70
0.812361604047394,1,1,70
-0.18077527973860932,2,1,70
0.06999308603070566,3,1,70
0.7161901487733494,4,1,70
0.5986365052679796,0,2,70
0.6448828652847595,1,2,70
-1.6309917181128457,2,2,70
0.04751862516913958,3,2,70
0.3452617087651261,4,2,70
0.31409976474193296,0,3,70
-0.32132553291000254,1,3,70
0.5424844319309043,2,3,70
-1.431919770458851,3,3,70
1.4571905238637946,4,3,70
-0.8270070125375333,0,4,70
-0.5621735022872306,1,4,70
0.22818614268058213,2,4,70
0.07043802826589333,3,4,70
-0.37023622621868313,4,4,70
0.4711286510528596,0,0,71
1.1776629827053609,1,0,71
0.7200431594070761,2,0,71
-0.7357167930144788,3,0,71
-0.5878500005066322,4,0,71
-2.1293888300646446,0,1,71
-0.21315609488725326,1,1,71
-0.7293502148529054,2,1,71
0.2507478101209954,3,1,71
-0.6050917598511495,4,1,71
0.4441710565931076,0,2,71
0.2054511226983297,1,2,71
0.0832425301236445,2,2,71
-0.903259936154405,3,2,71
0.439295956416885,4,2,71
0.6270265923485036,0,3,71
-1.7157242065823404,1,3,71
0.4270346896113522,2,3,71
-0.5539217127525702,3,3,71
2.216030782766105,4,3,71
0.39148682481860775,0,4,71
0.5475973209757194,1,4,71
0.0872683386619277,2,4,71
0.6074067358418526,3,4,71
0.7383914950281552,4,4,71
1.6504981462423647,0,0,72
-0.9604175964944639,1,0,72
-0.0163837821420822,2,0,72
1.24625217666792,3,0,72
-0.5312268986683291,4,0,72
-0.4299196665722787,0,1,72
0.4992293188194224,1,1,72
-2.2222565480401846,2,1,72
-1.165260319363584,3,1,72
-0.32647133109829435,4,1,72
0.5852713117783679,0,2,72
0.3797438142558874,1,2,72
0.4247892577323781,2,2,72
-0.3524995923126085,3,2,72
0.2970364993180729,4,2,72
-1.761222828931845,0,3,72
1.5511843161149905,1,3,72
-0.5780292516399158,2,3,72
1.5981490014783317,3,3,72
0.07995980445393515,4,3,72
-0.6696312496500598,0,4,72
-1.0630633879269666,1,4,72
0.7038115314846128,2,4,72
0.40222110518750115,3,4,72
1.4118529372863193,4,4,72
0.25003733726318306,0,0,73
1.0370161433314216,1,0,73
0.8801894378276747,2,0,73
0.32402943035375087,3,0,73
0.4977737409559245,4,0,73
-0.5311824146608015,0,1,73
-0.4898513053836246,1,1,73
1.2230037616022034,2,1,73
-0.36108483647706513,3,1,73
1.3139301523479607,4,1,73
-0.3032434051767376,0,2,73
0.20223239524313183,1,2,73
-0.3375859343920263,2,2,73
-0.03839803853969188,3,2,73
-1.1727698693754969,4,2,73
0.4952832104735615,0,3,73
-0.8570843588659817,1,3,73
-0.7351364466864756,2,3,73
0.2642016441102782,3,3,73
-0.7334403250295372,4,3,73
-1.0859758699840325,0,4,73
-1.4209254990729945,1,4,73
0.43466445399345627,2,4,73
-0.19023790321700038,3,4,73
1.992110693117086,4,4,73
-1.0171484424346289,0,0,74
1.9749558010732209,1,0,74
1.8221136481748916,2,0,74
-0.9853177970714043,3,0,74
-0.7202564174737305,4,0,74
0.2369934861976818,0,1,74
-0.1402940738294075,1,1,74
0.3536082232367534,2,1,74
-2.457858464864995,3,1,74
2.144546846774176,4,1,74
0.11839430194329853,0,2,74
-0.17885697691351984,1,2,74
0.41094178949976345,2,2,74
0.0670266574845013,3,2,74
0.21373249010435696,4,2,74
-1.7240446384173798,0,3,74
-0.12042970348557379,1,3,74
0.41586273709073995,2,3,74
0.211608276711619,3,3,74
-1.4249834480735106,4,3,74
0.3307890990102778,0,4,74
-2.0161890280637245,1,4,74
-1.0175284566515208,2,4,74
0.05604033118391191,3,4,74
0.03046106476057137,4,4,74
1.2904744245807782,0,0,75
0.2647089166561436,1,0,75
-0.9266973091535327,2,0,75
-1.1168855614173727,3,0,75
0.3392874359448298,4,0,75
1.7798273435582772,0,1,75
-0.8494641809562754,1,1,75
0.47380279556833965,2,1,75
-0.2600341829438994,3,1,75
-0.8705163839728189,4,1,75
-1.2772864895322014,0,2,75
-0.0056160006917804935,1,2,75
0.2026362276342271,2,2,75
-0.6221596447199473,3,2,75
0.46588149751174857,4,2,75
-0.2149044383840032,0,3,75
-0.9265784019734057,1,3,75
0.4131904615746919,2,3,75
0.6755391365932375,3,3,75
0.19525239704192132,4,3,75
-0.7232148562326873,0,4,75
0.9694582256656404,1,4,75
-0.3677227225168965,2,4,75
-1.322638215141163,3,4,75
-1.3321730259812463,4,4,75
-2.0260711127901803,0,0,76
-1.3374777524109045,1,0,76
-0.8036324922010964,2,0,76
-0.1274442824174245,3,0,76
0.18391350785545066,4,0,76
-1.1512487009663483,0,1,76
-0.7382459234795353,1,1,76
1.2028361886787908,2,1,76
1.2849670804931894,3,1,76
1.4621599296474068,4,1,76
-2.583047853501884,0,2,76
-0.16541976125935104,1,2,76
-0.3684444132413674,2,2,76
1.4687704581331869,3,2,76
1.2750286205418884,4,2,76
-0.12910643149627385,0,3,76
-0.8229921578364813,1,3,76
-0.36596371759705737,2,3,76
-1.2785905729403204,3,3,76
0.1971773663079921,4,3,76
0.6915668349764476,0,4,76
0.41117335243499764,1,4,76
-0.5671432161955993,2,4,76
0.49318191714003273,3,4,76
-0.22103819518724904,4,4,76
0.10269055180154506,0,0,77
-1.9713258712431743,1,0,77
-0.15107406586297745,2,0,77
-0.1599752131468089,3,0,77
-1.2334944124568938,4,0,77
1.0639373747125744,0,1,77
1.9298271273981185,1,1,77
-0.8047871968198288,2,1,77
-0.31150699659613573,3,1,77
-0.5418458063999069,4,1,77
1.2042225829635123,0,2,77
0.20565782334887367,1,2,77
-0.36793409673470295,2,2,77
-0.5020904725447725,3,2,77
0.4788909473788355,4,2,77
-0.49758300657880605,0,3,77
0.9936591725072141,1,3,77
0.867521437084121,2,3,77
-0.06297450932917781,3,3,77
1.0769783238368311,4,3,77
1.0672094125170726,0,4,77
-1.2539824286061827,1,4,77
0.7401698003557746,2,4,77
-0.222536447512475,3,4,77
-0.6431688146011078,4,4,77
-1.203638319197565,0,0,78
-0.6917906205061327,1,0,78
1.1363760750788898,2,0,78
-0.43182013633133176,3,0,78
1.6142368488076346,4,0,78
-1.1268630475155264,0,1,78
1.8075094403582939,1,1,78
0.5974248916714959,2,1,78
-1.4958605560148526,3,1,78
-1.4822304850484842,4,1,78
-0.3157584723246889,0,2,78
1.7464262742412837,1,2,78
-0.2853244355569487,2,2,78
0.10630142493773692,3,2,78
0.583127204239575,4,2,78
1.556047448092929,0,3,78
2.404802245506964,1,3,78
-0.24663845070337834,2,3,78
0.33930345561075337,3,3,78
-0.3622179089676425,4,3,78
-1.394256499128357,0,4,78
-0.3342539550656316,1,4,78
-1.1515722738228489,2,4,78
1.4995001511507429,3,4,78
-0.028338528238959902,4,4,78
1.362712265710367,0,0,79
-0.7154056785422556,1,0,79
-1.8148278000443185,2,0,79
0.18509500048560512,3,0,79
-0.8789002094704433,4,0,79
-0.2708031514237173,0,1,79
1.060265904016939,1,1,79
0.2357281955816358,2,1,79
-0.15600439999562288,3,1,79
0.6292822279992405,4,1,79
-1.1735551437281195,0,2,79
0.26726602954733764,1,2,79
-1.1260917044230039,2,2,79
1.0335504576182448,3,2,79
-0.6051210585835294,4,2,79
2.2527059776292977,0,3,79
1.54830779639765,1,3,79
-0.766459123449637,2,3,79
0.3609213250647073,3,3,79
-0.873151805890413,4,3,79
0.8733447847015485,0,4,79
-0.7992827851625374,1,4,79
0.3043544999363868,2,4,79
-1.3720042334638805,3,4,79
-0.726955654790772,4,4,79
0.24253118007520377,0,0,80
1.0545874051503539,1,0,80
-0.7804230058068657,2,0,80
-0.961639716215504,3,0,80
-0.06521863484367861,4,0,80
0.6977999626335548,0,1,80
-0.06062070146516961,1,1,80
0.4935642894191079,2,1,80
-0.3747101969807037,3,1,80
1.2423399136081035,4,1,80
0.2858970998256633,0,2,80
-0.23184216595744186,1,2,80
1.1536658597457796,2,2,80
0.021522200375054503,3,2,80
0.1643074047940385,4,2,80
-0.795871180755235,0,3,80
0.6507751045549645,1,3,80
0.6678268369456415,2,3,80
0.8489532136226835,3,3,80
-0.004343362228541103,4,3,80
2.2508674276312703,0,4,80
-0.6492462387481658,1,4,80
-1.4373319374423257,2,4,80
-0.4580260034972433,3,4,80
-0.5148074907731187,4,4,80
0.01875721117861874,0,0,81
-0.40361714760910256,1,0,81
-1.0506564910730487,2,0,81
0.2588309407671854,3,0,81
0.9593735675445517,4,0,81
-0.5880145012187481,0,1,81
-1.4225726667465424,1,1,81
-0.6402824986420872,2,1,81
-1.223420741242534,3,1,81
0.6719982730472661,4,1,81
0.3789764430860266,0,2,81
-0.7667409594899287,1,2,81
-1.7030872815366194,2,2,81
0.2980462726054333,3,2,81
1.686059713756751,4,2,81
1.0588557449475855,0,3,81
-1.3736845555831516,1,3,81
0.9660568285792207,2,3,81
1.1473657647461835,3,3,81
-1.6730967721837906,4,3,81
1.5499884830521504,0,4,81
-0.9442654818551329,1,4,81
-0.6631544928874475,2,4,81
0.031140220167547576,3,4,81
-1.1646976655473595,4,4,81
0.20590079775838419,0,0,82
-0.5670754216952268,1,0,82
-0.9044943028174843,2,0,82
1.047801094347652,3,0,82
0.41293071439586865,4,0,82
-0.47656158881038735,0,1,82
0.9617944592308539,1,1,82
1.3075024073385257,2,1,82
1.3526344909123456,3,1,82
1.119053740481015,4,1,82
0.48893971614876963,0,2,82
-0.6914730001691046,1,2,82
-0.40577688374567467,2,2,82
0.15955532512194326,3,2,82
0.7649427606894058,4,2,82
-0.6183356880049884,0,3,82
-0.09150473019737293,1,3,82
-0.7619003366296618,2,3,82
0.28209808463988245,3,3,82
-0.34267404204645885,4,3,82
1.104294185734949,0,4,82
0.3333431090086378,1,4,82
-0.9939029029027072,2,4,82
0.1639438921097408,3,4,82
-0.9818236581305881,4,4,82
0.8156463705657478,0,0,83
-0.6853898100300724,1,0,83
0.29643667712500293,2,0,83
0.4962045459285738,3,0,83
1.1225036893718512,4,0,83
1.2225692736380338,0,1,83
-0.07271454125929397,1,1,83
-1.7227788968988036,2,1,83
-0.7382980747853364,3,1,83
0.7852168010692219,4,1,83
-0.6855615290769698,0,2,83
1.5611629082362553,1,2,83
-1.4880956692458651,2,2,83
1.563432437303632,3,2,83
0.28193409373809153,4,2,83
0.3533102703378072,0,3,83
1.524801198226788,1,3,83
-1.2504173494738415,2,3,83
-0.15638155028675507,3,3,83
2.1205532894376686,4,3,83
0.14047349585780247,0,4,83
1.8101746610594582,1,4,83
-1.5737537018597363,2,4,83
-1.6387039286692682,3,4,83
-0.707601670918381,4,4,83
0.13950198551317394,0,0,84
-0.08116247893468356,1,0,84
-0.11651446590611175,2,0,84
0.5745610167245782,3,0,84
-0.6233178767093824,4,0,84
-0.5177841704737642,0,1,84
0.1763124439360806,1,1,84
0.5657159490127437,2,1,84
-0.023643199091263122,3,1,84
-0.49763154987047414,4,1,84
-1.328473743327586,0,2,84
1.4903456407946911,1,2,84
0.9416026762851671,2,2,84
-1.331054797298608,3,2,84
-1.0300223108186246,4,2,84
1.3508308630145023,0,3,84
0.4400573877583132,1,3,84
-1.5483372181860569,2,3,84
-0.6150142364463187,3,3,84
-1.2039971350941427,4,3,84
0.7060322853808011,0,4,84
-0.3784849158077963,1,4,84
0.16573051498532893,2,4,84
0.28237831914071704,3,4,84
-0.17035052709891566,4,4,84
-0.1526263580394006,0,0,85
0.43285976950125177,1,0,85
-1.8258386951176049,2,0,85
-0.46562276812739645,3,0,85
0.6587729753747181,4,0,85
-1.8499282090916846,0,1,85
-0.6312201469390326,1,1,85
-0.6246747397561553,2,1,85
0.06488934691546734,3,1,85
0.17391476353850754,4,1,85
0.34092336125944644,0,2,85
-0.08664086997649852,1,2,85
-0.5281801320316142,2,2,85
0.31523533420426836,3,2,85
0.4111033191804738,4,2,85
-0.5680907083200565,0,3,85
-0.7830106611850345,1,3,85
0.9736996520989982,2,3,85
0.7699310963492842,3,3,85
0.9223756371026526,4,3,85
-1.37522622452441,0,4,85
-1.3992979842000732,1,4,85
-1.858010877846388,2,4,85
-1.0774452780669768,3,4,85
1.03392499923565,4,4,85
-0.07525637648193617,0,0,86
1.052239198892816,1,0,86
-0.89080381943757,2,0,86
-1.0517542546735628,3,0,86
0.9039047444084156,4,0,86
0.1205397385245154,0,1,86
-0.02045096569025504,1,1,86
-0.3030976141930287,2,1,86
-0.7184141245818606,3,1,86
0.5434811153002936,4,1,86
-0.7693251560881674,0,2,86
-0.1466832349388029,1,2,86
-0.7344320540825353,2,2,86
-1.231350068292922,3,2,86
1.4490925512742396,4,2,86
1.5720150101026327,0,3,86
0.19956297969118741,1,3,86
1.8133866711323405,2,3,86
-0.2079618878161801,3,3,86
0.0326261918584593,4,3,86
0.9650979233904178,0,4,86
0.2306946552296702,1,4,86
-1.5203921038564636,2,4,86
-1.235510406016129,3,4,86
-0.4623101886516195,4,4,86
-0.4166673181130443,0,0,87
-0.5272206204644592,1,0,87
1.6145542978434158,2,0,87
1.210854723128313,3,0,87
-0.3249274797917035,4,0,87
0.5905386122730364,0,1,87
-0.07512791388058593,1,1,87
-1.125198145028629,2,1,87
-0.5909658579652646,3,1,87
1.6429196241207304,4,1,87
-0.38317623271298157,0,2,87
1.0222740608218421,1,2,87
-1.3670596677670879,2,2,87
1.0434066944805371,3,2,87
0.7640217735903194,4,2,87
-1.580159159094133,0,3,87
-0.8054252292462504,1,3,87
1.2957987501558879,2,3,87
-0.15646306194021814,3,3,87
-0.5801957575452007,4,3,87
-0.544612977966234,0,4,87
-0.08248155769376495,1,4,87
0.03540812461286844,2,4,87
-0.09509808821864668,3,4,87
-1.2027993385076152,4,4,87
1.0720249250171132,0,0,88
0.7634276404417114,1,0,88
0.5788414664772689,2,0,88
-1.0265165199302624,3,0,88
0.7625412822245731,4,0,88
-0.5625786489395486,0,1,88
0.12350426234527795,1,1,88
0.9235783574539964,2,1,88
-0.49764615473237067,3,1,88
-2.3436211324832517,4,1,88
-0.5609735013546684,0,2,88
-1.3532390071728806,1,2,88
0.11852366873388119,2,2,88
0.10021329703455996,3,2,88
-0.8223696222421,4,2,88
-1.1290931691070563,0,3,88
0.7478119027113193,1,3,88
0.3166082654462895,2,3,88
-0.32854919818257594,3,3,88
-0.23346978028535378,4,3,88
1.7566062266353897,0,4,88
0.241748313330856,1,4,88
0.6948193227745796,2,4,88
2.1366284329322434,3,4,88
1.6111573690496068,4,4,88
0.2855904268878731,0,0,89
0.22629350869604736,1,0,89
-1.291400849859236,2,0,89
-0.6156514026895606,3,0,89
0.9307231367226892,4,0,89
-0.8766424804119181,0,1,89
0.7767991341051336,1,1,89
-0.8062376470224236,2,1,89
0.9683104623471462,3,1,89
-0.19572840812731837,4,1,89
-0.4755383983549267,0,2,89
-1.2640815622339827,1,2,89
0.2581829411880911,2,2,89
-0.06345445961964702,3,2,89
0.9868590411750033,4,2,89
0.005794168271784321,0,3,89
-0.31660378544958584,1,3,89
-1.1372757118161354,2,3,89
1.116203027164248,3,3,89
-1.2097840225765508,4,3,89
0.12562288092414053,0,4,89
-0.5694811220159293,1,4,89
-0.6978005690815031,2,4,89
-0.24003982329538587,3,4,89
0.16989757099764252,4,4,89
-0.3344036926281272,0,0,90
-0.30863085781620464,1,0,90
-0.4960701279698041,2,0,90
1.8050133176149359,3,0,90
-0.4834583087932174,4,0,90
-0.1820642323160956,0,1,90
-0.40418184563339216,1,1,90
-1.354217824944273,2,1,90
-0.5954794805544544,3,1,90
-2.1572805247087623,4,1,90
-0.892880892167715,0,2,90
0.6310520491502616,1,2,90
1.4426714989033145,2,2,90
0.2610853242775693,3,2,90
-0.6595103354033118,4,2,90
-0.029712436345470893,0,3,90
2.529598975865143,1,3,90
1.4770203643737216,2,3,90
-1.2729584898370696,3,3,90
1.520188555757917,4,3,90
0.6415902813044305,0,4,90
0.5544360576152911,1,4,90
-1.2405768637483021,2,4,90
0.5013004993708349,3,4,90
1.1461025354616992,4,4,90
-0.3817569965880236,0,0,91
-0.45187846575686014,1,0,91
0.5348971938878613,2,0,91
-0.6094539092068196,3,0,91
1.6023006389390406,4,0,91
0.23362887039881802,0,1,91
-0.2134530191177294,1,1,91
0.6738902087757425,2,1,91
-0.8338629023389825,3,1,91
-0.2942664413791108,4,1,91
0.394830112284183,0,2,91
-2.368896651615066,1,2,91
-0.1253021958356899,2,2,91
0.24006711532130215,3,2,91
1.3771188974044692,4,2,91
1.7763642448755976,0,3,91
-0.8922951114127011,1,3,91
-0.9362193088102301,2,3,91
1.0716643413881646,3,3,91
0.5831965649506815,4,3,91
-1.9344298060142904,0,4,91
0.28748555018509686,1,4,91
-0.495791693620727,2,4,91
-1.4286032883500783,3,4,91
-0.86804145313999,4,4,91
1.360631342913422,0,0,92
0.9102062314528623,1,0,92
0.26278243618458197,2,0,92
-1.1130551495149994,3,0,92
0.48697293341673836,4,0,92
-0.16618571515658997,0,1,92
0.8197838623074389,1,1,92
-0.2927797625138685,2,1,92
0.9367329894412351,3,1,92
-0.6277270761016496,4,1,92
0.601525601243535,0,2,92
0.7484418851426969,1,2,92
1.7271624671278953,2,2,92
0.48105999132019106,3,2,92
-0.04698595150301913,4,2,92
-0.783341677759751,0,3,92
0.46574655972729706,1,3,92
-0.7047297318578453,2,3,92
0.6109370299200371,3,3,92
1.1822961383425536,4,3,92
0.746131081927337,0,4,92
-1.0048771984792715,1,4,92
1.410198939631908,2,4,92
0.46964413843076747,3,4,92
-0.07156704592879257,4,4,92
0.8665433851848101,0,0,93
0.24996988210476506,1,0,93
0.5357759433051525,2,0,93
1.1246341642583917,3,0,93
0.1072929078008805,4,0,93
0.4522752363870882,0,1,93
0.46281904666912166,1,1,93
-0.00966163281994153,2,1,93
0.9967685961160248,3,1,93
0.3919134431742255,4,1,93
-0.8757074997279497,0,2,93
0.5956292392315118,1,2,93
0.6351901840199891,2,2,93
0.2854453132525251,3,2,93
1.670252743050568,4,2,93
-0.8433329985606329,0,3,93
0.2270079683709541,1,3,93
0.03799739913469234,2,3,93
0.22954519116148644,3,3,93
0.4547912102473718,4,3,93
0.6589110283535551,0,4,93
1.7625855413439122,1,4,93
0.05122013215197517,2,4,93
1.1298432567196166,3,4,93
-0.31687136818946343,4,4,93
1.5190930500912867,0,0,94
0.9927745641998161,1,0,94
0.8063115271590106,2,0,94
-1.2142283728149652,3,0,94
0.3552518168580419,4,0,94
-1.29224415508391,0,1,94
0.7428395296436104,1,1,94
0.1482032243561286,2,1,94
0.43309643576877777,3,1,94
0.36428448962638293,4,1,94
-0.3307176000930588,0,2,94
0.3859091035478217,1,2,94
-0.340100088968572,2,2,94
1.5708969440958844,3,2,94
2.0096371511270577,4,2,94
0.13720823387201614,0,3,94
0.3429997835278196,1,3,94
0.9437795447640741,2,3,94
0.6202814153352889,3,3,94
-0.3866403277241021,4,3,94
-1.012206114494382,0,4,94
-1.7838579128458907,1,4,94
2.389680271640801,2,4,94
-1.1573640507237049,3,4,94
0.4707920863320879,4,4,94
-1.106670412985206,0,0,95
-0.49179355265908203,1,0,95
1.0018805698525781,2,0,95
0.4638863564312253,3,0,95
0.2922707503638953,4,0,95
-1.0778491432423773,0,1,95
-1.2563031430824252,1,1,95
-0.7003696123965024,2,1,95
0.13152241160381756,3,1,95
1.9675904851743184,4,1,95
0.0035357383390646935,0,2,95
-0.4073216643460263,1,2,95
0.23576800772511425,2,2,95
0.4894026419925505,3,2,95
0.8404321176474518,4,2,95
2.9299953970261927,0,3,95
-0.8549633449754862,1,3,95
-1.2886193751452921,2,3,95
-0.7558592748583238,3,3,95
0.44771556093658266,4,3,95
1.4215768939196187,0,4,95
3.0024855983113916,1,4,95
0.6985028511348483,2,4,95
0.3740402985357379,3,4,95
-0.23323613369271662,4,4,95
2.0212385166382396,0,0,96
0.07508114896437991,1,0,96
0.4945214586578879,2,0,96
0.6463456264640679,3,0,96
1.5277329994231985,4,0,96
-0.9591826590705169,0,1,96
0.7335655525616231,1,1,96
0.5685951285829688,2,1,96
-2.252605954455341,3,1,96
-0.0654510528499369,4,1,96
-0.3526224113586606,0,2,96
-0.15077475537545448,1,2,96
0.5330951818320719,2,2,96
2.5803197719991307,3,2,96
-0.5781469350658219,4,2,96
-0.06547305178983642,0,3,96
0.8511394895631043,1,3,96
-2.203763190017425,2,3,96
0.8864745488723833,3,3,96
1.6340561790161992,4,3,96
-1.1946631139003356,0,4,96
-0.8229970481230836,1,4,96
-0.08539698838425232,2,4,96
-0.5112825524896195,3,4,96
-1.6689279002399593,4,4,96
-1.4913638167905792,0,0,97
1.723462689082344,1,0,97
-0.12479215388517598,2,0,97
-1.5828764616846114,3,0,97
0.4632525952561317,4,0,97
0.022666135504217817,0,1,97
-0.14872544773557317,1,1,97
0.9369873384804548,2,1,97
0.6553519401266504,3,1,97
0.7366041417094097,4,1,97
-0.9099782725062286,0,2,97
1.785010088179669,1,2,97
-0.8298703590111941,2,2,97
0.10932981019579363,3,2,97
0.18630137125449256,4,2,97
-0.8434406166695564,0,3,97
0.5403911012318163,1,3,97
0.34063092946615064,2,3,97
0.019213743762720736,3,3,97
0.2286993898105816,4,3,97
0.449121831874782,0,4,97
-0.09136326784335162,1,4,97
0.6852964530057143,2,4,97
0.7661228002428669,3,4,97
0.238209736708853,4,4,97
0.4351890658447914,0,0,98
0.1434705797213833,1,0,98
-0.6659588220650973,2,0,98
-0.754585370673128,3,0,98
0.42319723782424296,4,0,98
-0.4024856003331345,0,1,98
-0.022545830516917484,1,1,98
1.354997948407252,2,1,98
0.4431620484267474,3,1,98
-1.4474546053701476,4,1,98
0.85233614531207,0,2,98
0.26648664956498036,1,2,98
-1.703939182214544,2,2,98
-0.18595578621800898,3,2,98
-1.9104884237978828,4,2,98
-0.8158006931161641,0,3,98
0.5397030826424356,1,3,98
-0.3474215455922141,2,3,98
-0.7191570513917129,3,3,98
-0.9116859685521782,4,3,98
1.1156436713570883,0,4,98
1.2863595066923281,1,4,98
0.6043104364089436,2,4,98
-0.2783915887102085,3,4,98
-0.9229493436807877,4,4,98
-0.1260922327264045,0,0,99
-0.974319592063284,1,0,99
2.607479956155364,2,0,99
0.014807479887608553,3,0,99
0.4297425081224917,4,0,99
-0.7021461343720274,0,1,99
-0.5430008417020772,1,1,99
-0.15468231403469623,2,1,99
-0.48919751567961134,3,1,99
-0.03229204156600146,4,1,99
0.025396941142458836,0,2,99
1.137507696875488,1,2,99
1.0212582211597416,2,2,99
0.8501510608025907,3,2,99
1.7139811511510943,4,2,99
0.6534341329706691,0,3,99
0.27726009967600945,1,3,99
1.8014649870333226,2,3,99
-1.0831785209979303,3,3,99
1.3973622065025157,4,3,99
-0.4852018812585468,0,4,99
-0.6325496112522059,1,4,99
1.181368788055168,2,4,99
0.019507432086145655,3,4,99
1.4142764781078754,4,4,99
