x,y,machine,trial,y_pred,subject
67,-262.6,1,1,8.0,1
32,-177.7,1,2,5.0,1
23,-156.1,1,3,146.3,1
71,-273.3,1,4,128.4,1
98,-341.2,1,5,255.0,1
72,-305.9,2,1,-273.3,1
20,-157.6,2,2,-156.1,1
72,-307.1,2,3,306.0,1
28,-181.4,2,4,163.9,1
70,-298.0,2,5,306.7,1
12,-120.3,3,1,0.0,1
60,-195.7,3,2,120.0,1
15,-123.1,3,3,122.9,1
71,-213.2,3,4,306.5,1
42,-165.8,3,5,183.9,1
35,-204.3,4,1,183.5,1
73,-317.7,4,2,239.5,1
53,-257.3,4,3,-236.5,1
59,-277.3,4,4,269.5,1
95,-383.0,4,5,355.7,1
48,-191.1,5,1,0.0,1
84,-259.8,5,2,355.5,1
61,-216.9,5,3,277.5,1
66,-225.4,5,4,239.5,1
6,-113.4,5,5,0.0,1
8,-97.6,1,1,2.0,2
72,-87.2,1,2,183.2,2
47,-92.6,1,3,98.8,2
69,-87.4,1,4,98.4,2
67,-86.7,1,5,92.4,2
64,-114.2,2,1,87.2,2
39,-109.3,2,2,122.4,2
15,-103.1,2,3,104.7,2
92,-121.3,2,4,0.0,2
88,-120.3,2,5,118.7,2
65,-122.6,3,1,0.0,2
77,-125.9,3,2,122.2,2
28,-109.1,3,3,122.5,2
87,-130.3,3,4,127.5,2
91,-132.9,3,5,130.3,2
26,-131.7,4,1,107.9,2
21,-125.5,4,2,128.9,2
87,-204.5,4,3,135.1,2
24,-128.8,4,4,122.9,2
98,-219.3,4,5,205.5,2
97,-361.2,5,1,0.0,2
9,-126.6,5,2,0.0,2
21,-156.8,5,3,128.8,2
70,-290.1,5,4,-236.4,2
82,-321.3,5,5,306.5,2
47,-181.3,1,1,8.0,3
42,-172.3,1,2,183.8,3
80,-240.9,1,3,128.0,3
54,-193.5,1,4,176.7,3
91,-258.8,1,5,248.7,3
79,-127.5,2,1,239.7,3
75,-125.3,2,2,128.5,3
12,-102.8,2,3,0.0,3
34,-110.0,2,4,183.7,3
75,-126.0,2,5,128.0,3
50,-108.5,3,1,0.0,3
6,-101.7,3,2,92.7,3
69,-110.6,3,3,122.5,3
95,-117.0,3,4,183.5,3
13,-102.9,3,5,-101.2,3
61,-300.5,4,1,105.5,3
75,-346.5,4,2,0.0,3
0,-100.5,4,3,0.0,3
9,-127.3,4,4,99.5,3
23,-176.6,4,5,128.5,3
77,-363.7,5,1,0.0,3
5,-117.0,5,2,101.2,3
88,-400.0,5,3,-362.5,3
92,-413.8,5,4,408.2,3
63,-316.7,5,5,-326.7,3
19,-162.2,1,1,5.0,4
11,-135.9,1,2,183.6,4
10,-133.1,1,3,128.8,4
99,-426.8,1,4,128.7,4
39,-229.8,1,5,0.0,4
89,-218.3,2,1,0.0,4
10,-112.9,2,2,183.7,4
71,-194.8,2,3,183.7,4
89,-219.2,2,4,183.7,4
42,-154.9,2,5,183.8,4
27,-164.4,3,1,128.7,4
19,-144.2,3,2,128.7,4
22,-150.9,3,3,123.9,4
55,-229.7,3,4,163.5,4
79,-286.0,3,5,236.7,4
99,-217.8,4,1,0.0,4
14,-114.6,4,2,-128.5,4
40,-148.0,4,3,146.4,4
19,-123.7,4,4,122.5,4
81,-196.8,4,5,269.5,4
69,-183.9,5,1,183.5,4
84,-199.3,5,2,183.5,4
91,-208.2,5,3,202.7,4
68,-181.0,5,4,183.5,4
8,-110.6,5,5,0.0,4
53,-215.7,1,1,8.0,5
63,-236.2,1,2,183.3,5
35,-174.0,1,3,236.2,5
84,-279.4,1,4,236.2,5
33,-169.9,1,5,183.3,5
61,-169.9,2,1,236.2,5
92,-206.5,2,2,269.4,5
44,-150.3,2,3,137.8,5
77,-186.8,2,4,236.2,5
21,-123.9,2,5,128.0,5
72,-241.9,3,1,183.3,5
20,-142.4,3,2,0.0,5
92,-281.7,3,3,248.8,5
16,-132.1,3,4,98.7,5
36,-172.1,3,5,147.5,5
19,-138.8,4,1,0.0,5
45,-192.7,4,2,145.7,5
85,-274.3,4,3,269.5,5
58,-221.1,4,4,-165.5,5
99,-304.2,4,5,291.7,5
44,-143.7,5,1,183.3,5
90,-190.0,5,2,248.5,5
25,-125.9,5,3,123.3,5
25,-125.6,5,4,128.1,5
74,-175.7,5,5,236.2,5
27,-185.2,1,1,5.0,6
7,-123.8,1,2,128.4,6
11,-135.2,1,3,128.4,6
85,-374.1,1,4,128.4,6
19,-161.4,1,5,0.0,6
67,-366.5,2,1,183.9,6
6,-124.8,2,2,128.9,6
56,-322.1,2,3,-324.1,6
21,-183.1,2,4,163.6,6
82,-425.1,2,5,368.7,6
68,-193.7,3,1,-366.5,6
4,-105.4,3,2,64.8,6
89,-221.6,3,3,408.9,6
12,-116.9,3,4,-136.8,6
70,-194.2,3,5,-362.7,6
14,-117.3,4,1,0.0,6
24,-131.6,4,2,128.8,6
16,-122.0,4,3,122.7,6
58,-178.5,4,4,332.5,6
22,-129.9,4,5,-161.4,6
69,-241.6,5,1,0.0,6
65,-233.4,5,2,239.5,6
71,-245.7,5,3,239.5,6
9,-117.4,5,4,105.0,6
7,-116.2,5,5,-123.8,6
74,-169.6,1,1,5.0,7
38,-134.9,1,2,183.2,7
32,-129.6,1,3,128.8,7
63,-159.3,1,4,128.9,7
32,-129.5,1,5,176.2,7
18,-125.0,2,1,0.0,7
99,-238.9,2,2,128.9,7
7,-109.3,2,3,0.0,7
75,-205.7,2,4,183.9,7
67,-194.5,2,5,203.3,7
61,-228.0,3,1,183.3,7
77,-262.4,3,2,209.9,7
38,-180.1,3,3,128.5,7
79,-267.2,3,4,215.6,7
53,-210.0,3,5,236.5,7
65,-232.0,4,1,236.0,7
13,-128.0,4,2,0.0,7
67,-234.5,4,3,236.7,7
45,-189.8,4,4,183.3,7
91,-284.7,4,5,269.5,7
3,-106.6,5,1,0.0,7
43,-200.4,5,2,183.5,7
60,-240.4,5,3,236.2,7
55,-226.3,5,4,209.5,7
63,-247.4,5,5,239.5,7
20,-154.8,1,1,5.0,8
27,-175.0,1,2,128.4,8
90,-349.1,1,3,128.0,8
60,-264.1,1,4,183.3,8
17,-146.2,1,5,128.0,8
76,-120.4,2,1,0.0,8
42,-110.2,2,2,128.8,8
21,-105.6,2,3,122.7,8
45,-111.3,2,4,107.4,8
80,-122.0,2,5,-128.8,8
97,-389.2,3,1,0.0,8
61,-281.6,3,2,288.7,8
15,-143.1,3,3,0.0,8
78,-332.5,3,4,-119.4,8
21,-163.1,3,5,105.6,8
66,-222.5,4,1,269.7,8
65,-222.7,4,2,183.3,8
63,-218.2,4,3,222.9,8
26,-147.3,4,4,183.5,8
63,-217.2,4,5,218.2,8
78,-130.0,5,1,0.0,8
33,-112.2,5,2,128.0,8
48,-117.9,5,3,113.5,8
57,-121.7,5,4,122.5,8
67,-123.7,5,5,224.5,8
44,-227.1,1,1,8.0,9
61,-275.6,1,2,183.2,9
61,-273.7,1,3,288.4,9
6,-117.4,1,4,0.0,9
98,-378.7,1,5,0.0,9
1,-103.2,2,1,0.0,9
64,-264.4,2,2,183.9,9
12,-132.4,2,3,101.6,9
77,-295.3,2,4,269.5,9
67,-270.4,2,5,269.5,9
98,-435.0,3,1,0.0,9
69,-333.8,3,2,269.9,9
64,-317.4,3,3,263.2,9
97,-432.8,3,4,441.5,9
72,-345.8,3,5,332.5,9
95,-167.2,4,1,-426.5,9
58,-141.1,4,2,-236.4,9
63,-143.8,4,3,145.5,9
13,-109.8,4,4,128.9,9
57,-139.9,4,5,139.5,9
94,-272.5,5,1,0.0,9
18,-133.7,5,2,0.0,9
4,-105.3,5,3,0.0,9
19,-133.9,5,4,128.5,9
98,-279.5,5,5,-378.7,9
35,-178.3,1,1,5.0,10
71,-258.4,1,2,183.8,10
39,-187.2,1,3,183.2,10
39,-185.9,1,4,183.9,10
24,-151.9,1,5,183.7,10
38,-215.5,2,1,183.8,10
72,-319.2,2,2,239.5,10
44,-234.1,2,3,216.8,10
15,-144.9,2,4,-101.5,10
66,-302.6,2,5,-291.5,10
11,-135.4,3,1,0.0,10
53,-274.9,3,2,183.9,10
80,-364.5,3,3,306.4,10
77,-357.4,3,4,-337.1,10
97,-421.2,3,5,382.1,10
25,-132.0,4,1,147.1,10
10,-114.2,4,2,-128.0,10
12,-116.7,4,3,113.5,10
52,-170.2,4,4,275.5,10
36,-147.0,4,5,-183.5,10
79,-121.7,5,1,-362.5,10
27,-106.8,5,2,-128.5,10
86,-124.8,5,3,-128.5,10
74,-122.4,5,4,-118.5,10
30,-108.7,5,5,101.5,10
15,-124.5,1,1,5.0,11
6,-109.3,1,2,128.5,11
81,-240.7,1,3,128.7,11
61,-203.6,1,4,183.7,11
94,-262.6,1,5,183.9,11
60,-252.7,2,1,203.6,11
26,-166.7,2,2,128.7,11
80,-305.5,2,3,248.5,11
12,-130.3,2,4,-123.8,11
28,-171.5,2,5,183.3,11
80,-222.8,3,1,0.0,11
69,-202.9,3,2,216.7,11
44,-165.8,3,3,183.9,11
66,-197.8,3,4,203.9,11
22,-132.7,3,5,133.9,11
49,-188.3,4,1,183.9,11
29,-151.5,4,2,147.7,11
29,-150.1,4,3,165.5,11
38,-167.0,4,4,147.5,11
13,-122.4,4,5,128.7,11
41,-114.9,5,1,183.5,11
38,-114.6,5,2,113.5,11
61,-119.9,5,3,-203.6,11
92,-134.0,5,4,269.5,11
51,-118.0,5,5,-137.5,11
22,-161.4,1,1,3.0,12
16,-146.0,1,2,128.8,12
88,-354.8,1,3,128.8,12
84,-343.7,1,4,0.0,12
18,-152.6,1,5,-146.0,12
17,-137.6,2,1,-147.1,12
45,-201.4,2,2,183.5,12
34,-176.2,2,3,183.9,12
32,-171.8,2,4,163.9,12
16,-135.4,2,5,-146.0,12
26,-141.9,3,1,128.8,12
44,-170.4,3,2,183.5,12
91,-246.4,3,3,368.5,12
76,-223.2,3,4,-236.2,12
75,-222.0,3,5,221.8,12
76,-256.6,4,1,224.5,12
83,-266.7,4,2,239.4,12
58,-218.9,4,3,206.7,12
70,-242.2,4,4,221.5,12
98,-298.8,4,5,269.4,12
62,-305.6,5,1,236.5,12
83,-379.4,5,2,269.7,12
39,-230.3,5,3,183.2,12
81,-371.3,5,4,269.7,12
55,-282.4,5,5,217.7,12
43,-214.7,1,1,8.0,13
39,-206.5,1,2,183.3,13
75,-302.5,1,3,128.5,13
66,-276.5,1,4,183.3,13
19,-151.3,1,5,128.7,13
74,-133.2,2,1,-302.5,13
18,-108.0,2,2,0.0,13
96,-142.6,2,3,183.0,13
95,-143.8,2,4,145.2,13
7,-103.7,2,5,0.0,13
14,-110.3,3,1,0.0,13
88,-170.0,3,2,128.8,13
47,-137.7,3,3,183.3,13
6,-106.2,3,4,101.7,13
20,-115.3,3,5,-128.0,13
53,-275.6,4,1,128.7,13
87,-388.6,4,2,183.3,13
82,-371.6,4,3,388.6,13
29,-194.6,4,4,183.3,13
36,-220.2,4,5,183.3,13
24,-160.8,5,1,0.0,13
88,-318.9,5,2,392.4,13
27,-166.6,5,3,183.5,13
67,-265.6,5,4,-291.2,13
30,-175.5,5,5,183.3,13
54,-230.6,1,1,5.0,14
35,-186.5,1,2,183.2,14
21,-149.9,1,3,128.4,14
47,-212.0,1,4,183.8,14
86,-307.1,1,5,236.5,14
93,-403.2,2,1,-269.5,14
77,-350.2,2,2,-291.5,14
78,-355.1,2,3,269.9,14
87,-382.4,2,4,-362.9,14
86,-380.7,2,5,-307.1,14
72,-154.6,3,1,288.9,14
94,-171.4,3,2,183.5,14
5,-104.3,3,3,0.0,14
53,-141.2,3,4,137.5,14
78,-158.8,3,5,-355.1,14
1,-101.0,4,1,0.0,14
89,-124.9,4,2,-368.9,14
69,-118.2,4,3,-101.0,14
56,-115.2,4,4,122.5,14
14,-103.8,4,5,101.0,14
29,-192.9,5,1,0.0,14
24,-176.2,5,2,-176.7,14
16,-148.9,5,3,-148.4,14
96,-406.4,5,4,183.5,14
15,-146.2,5,5,-128.5,14
13,-133.7,1,1,5.0,15
99,-355.4,1,2,183.3,15
70,-280.3,1,3,183.3,15
25,-165.1,1,4,165.2,15
55,-243.0,1,5,165.1,15
67,-167.3,2,1,128.7,15
3,-102.0,2,2,0.0,15
31,-130.3,2,3,128.7,15
14,-115.4,2,4,0.0,15
3,-102.6,2,5,0.0,15
85,-184.4,3,1,0.0,15
51,-152.9,3,2,183.7,15
27,-128.4,3,3,98.5,15
9,-109.8,3,4,64.7,15
74,-175.2,3,5,183.5,15
74,-281.4,4,1,183.5,15
74,-282.9,4,2,0.0,15
17,-144.1,4,3,0.0,15
47,-214.8,4,4,158.5,15
15,-135.7,4,5,116.5,15
61,-208.6,5,1,0.0,15
55,-199.3,5,2,243.0,15
55,-197.4,5,3,242.5,15
52,-191.7,5,4,183.5,15
6,-110.3,5,5,98.4,15
35,-165.9,1,1,5.0,16
92,-273.7,1,2,183.7,16
54,-200.5,1,3,183.3,16
50,-195.6,1,4,175.0,16
52,-197.8,1,5,197.2,16
49,-233.8,2,1,-191.1,16
16,-145.3,2,2,0.0,16
59,-260.5,2,3,236.5,16
23,-162.8,2,4,145.9,16
7,-119.7,2,5,128.1,16
26,-132.8,3,1,183.3,16
91,-216.6,3,2,269.5,16
66,-183.5,3,3,-269.2,16
28,-134.2,3,4,-134.5,16
62,-180.3,3,5,183.5,16
67,-242.4,4,1,183.5,16
47,-198.0,4,2,236.2,16
78,-267.0,4,3,248.5,16
0,-98.6,4,4,0.0,16
62,-231.1,4,5,183.5,16
65,-282.8,5,1,236.5,16
37,-204.2,5,2,-163.2,16
49,-238.7,5,3,236.4,16
17,-146.7,5,4,145.7,16
24,-166.5,5,5,-166.5,16
63,-244.9,1,1,8.0,17
67,-254.4,1,2,246.2,17
56,-226.7,1,3,248.8,17
93,-312.0,1,4,128.7,17
96,-322.9,1,5,312.0,17
23,-142.7,2,1,248.9,17
1,-101.5,2,2,0.0,17
49,-192.6,2,3,183.8,17
43,-180.9,2,4,183.4,17
76,-243.5,2,5,248.5,17
5,-113.3,3,1,0.0,17
22,-152.3,3,2,128.9,17
35,-184.6,3,3,175.7,17
57,-237.9,3,4,236.1,17
92,-322.8,3,5,310.5,17
76,-219.1,4,1,0.0,17
19,-128.3,4,2,-127.5,17
75,-217.5,4,3,216.5,17
30,-146.3,4,4,158.7,17
54,-184.9,4,5,236.5,17
46,-185.5,5,1,176.7,17
90,-268.7,5,2,320.0,17
50,-194.9,5,3,188.5,17
66,-224.7,5,4,246.5,17
19,-135.0,5,5,128.3,17
90,-205.1,1,1,5.0,18
61,-170.0,1,2,183.8,18
4,-104.4,1,3,128.0,18
66,-177.7,1,4,183.3,18
60,-169.6,1,5,183.3,18
54,-186.9,2,1,183.3,18
23,-137.2,2,2,128.7,18
13,-120.0,2,3,-105.0,18
18,-129.2,2,4,-128.9,18
73,-218.6,2,5,183.3,18
25,-112.0,3,1,147.4,18
64,-131.5,3,2,183.3,18
29,-115.0,3,3,113.3,18
7,-103.7,3,4,0.0,18
75,-138.2,3,5,217.5,18
58,-169.7,4,1,183.3,18
12,-113.5,4,2,-108.0,18
37,-143.2,4,3,122.8,18
34,-139.8,4,4,139.4,18
47,-156.2,4,5,163.5,18
76,-277.7,5,1,216.6,18
24,-155.1,5,2,128.0,18
94,-320.7,5,3,0.0,18
91,-312.5,5,4,319.9,18
61,-242.1,5,5,-170.0,18
16,-147.3,1,1,4.0,19
7,-119.6,1,2,128.7,19
33,-196.8,1,3,128.7,19
73,-310.8,1,4,183.3,19
51,-248.8,1,5,183.6,19
78,-205.8,2,1,0.0,19
94,-226.8,2,2,183.6,19
92,-223.6,2,3,183.6,19
26,-134.6,2,4,147.3,19
40,-154.7,2,5,183.6,19
21,-133.1,3,1,128.7,19
84,-242.6,3,2,208.4,19
42,-171.4,3,3,153.4,19
58,-196.7,3,4,183.4,19
56,-194.5,3,5,183.7,19
22,-144.3,4,1,128.4,19
21,-142.4,4,2,128.7,19
79,-261.1,4,3,236.4,19
46,-193.9,4,4,173.9,19
29,-159.8,4,5,128.9,19
95,-448.8,5,1,183.5,19
5,-119.1,5,2,0.0,19
68,-347.6,5,3,-368.4,19
78,-385.7,5,4,-205.8,19
60,-320.6,5,5,288.5,19
64,-303.9,1,1,8.0,20
9,-129.2,1,2,128.0,20
58,-283.9,1,3,128.7,20
29,-190.6,1,4,128.7,20
29,-192.4,1,5,255.0,20
75,-161.5,2,1,0.0,20
65,-155.4,2,2,128.7,20
86,-171.5,2,3,128.9,20
57,-146.8,2,4,-148.9,20
51,-143.2,2,5,137.2,20
51,-262.8,3,1,0.0,20
41,-231.2,3,2,248.4,20
1,-102.4,3,3,0.0,20
90,-392.1,3,4,183.2,20
30,-197.3,3,5,183.6,20
22,-136.9,4,1,0.0,20
3,-105.1,4,2,-105.7,20
66,-210.5,4,3,163.7,20
63,-205.2,4,4,213.5,20
59,-198.0,4,5,203.9,20
1,-101.2,5,1,0.0,20
69,-124.3,5,2,216.5,20
70,-123.4,5,3,122.5,20
58,-119.5,5,4,-283.9,20
87,-130.2,5,5,183.5,20
8,-107.8,1,1,2.0,21
84,-189.9,1,2,5.612,21
48,-150.1,1,3,183.216,21
49,-153.0,1,4,151.2,21
39,-141.2,1,5,128.2,21
99,-392.0,2,1,98.0,21
68,-298.9,2,2,392.0,21
17,-148.0,2,3,128.0,21
54,-257.0,2,4,-236.9,21
78,-328.8,2,5,269.9,21
59,-238.8,3,1,527.0,21
99,-334.3,3,2,183.239,21
11,-125.3,3,3,128.092,21
96,-326.3,3,4,-326.7,21
55,-230.0,3,5,236.741,21
99,-260.4,4,1,0.0,21
34,-157.0,4,2,128.898,21
55,-191.8,4,3,206.798,21
43,-171.3,4,4,146.798,21
81,-233.2,4,5,332.5,21
70,-172.5,5,1,210.01,21
43,-143.4,5,2,137.598,21
83,-188.3,5,3,183.598,21
56,-158.6,5,4,183.598,21
76,-179.6,5,5,183.5,21
6,-116.6,1,1,9.0,22
42,-226.1,1,2,128.41,22
88,-366.3,1,3,128.816,22
51,-252.8,1,4,269.7,22
81,-346.9,1,5,368.7,22
77,-205.4,2,1,5.223,22
12,-117.1,2,2,25.0,22
53,-171.8,2,3,253.525,22
42,-156.5,2,4,236.788,22
36,-150.7,2,5,128.877,22
66,-229.4,3,1,183.725,22
77,-251.5,3,2,183.988,22
89,-272.5,3,3,269.512,22
87,-268.8,3,4,269.551,22
99,-294.0,3,5,291.551,22
89,-336.5,4,1,269.589,22
27,-170.3,4,2,128.5,22
94,-349.1,4,3,291.598,22
23,-159.7,4,4,146.592,22
89,-335.2,4,5,-336.5,22
90,-66.4,5,1,0.0,22
24,-91.4,5,2,153.592,22
94,-65.9,5,3,291.592,22
55,-79.0,5,4,153.59,22
48,-82.6,5,5,92.5,22
74,-390.7,1,1,0.5,23
31,-222.2,1,2,527.3,23
27,-206.8,1,3,183.825,23
49,-290.9,1,4,183.3,23
30,-217.9,1,5,206.8,23
9,-127.3,2,1,10.0,23
15,-147.0,2,2,128.724,23
33,-204.8,2,3,183.541,23
17,-152.4,2,4,139.55,23
65,-303.1,2,5,291.51,23
48,-179.1,3,1,246.162,23
69,-212.7,3,2,306.554,23
79,-229.9,3,3,236.564,23
51,-183.4,3,4,178.568,23
82,-232.6,3,5,236.554,23
27,-181.3,4,1,128.841,23
80,-342.4,4,2,231.541,23
46,-238.0,4,3,183.541,23
73,-316.9,4,4,-291.5,23
68,-304.2,4,5,313.5,23
3,-105.8,5,1,128.811,23
79,-245.9,5,2,362.514,23
8,-114.9,5,3,101.164,23
4,-107.6,5,4,105.582,23
1,-98.9,5,5,0.0,23
71,-368.6,1,1,3.0,24
74,-379.9,1,2,0.0,24
41,-257.0,1,3,5.0,24
3,-114.3,1,4,128.0,24
55,-309.9,1,5,128.5,24
16,-148.3,2,1,128.064,24
42,-228.9,2,2,128.75,24
51,-255.8,2,3,291.425,24
52,-257.7,2,4,255.83,24
92,-381.0,2,5,183.5,24
3,-103.7,3,1,0.055,24
23,-130.6,3,2,128.941,24
70,-197.0,3,3,-368.9,24
58,-180.1,3,4,255.025,24
35,-148.7,3,5,128.592,24
70,-229.0,4,1,183.592,24
0,-101.2,4,2,0.0,24
17,-132.5,4,3,128.543,24
31,-156.6,4,4,145.557,24
0,-101.3,4,5,0.047,24
15,-135.5,5,1,128.542,24
29,-170.2,5,2,153.554,24
71,-270.7,5,3,198.5,24
10,-123.4,5,4,130.5,24
26,-161.4,5,5,163.5,24
4,-105.7,1,1,2.0,25
47,-182.1,1,2,128.183,25
81,-241.3,1,3,236.4122,25
57,-199.2,1,4,236.7,25
95,-264.6,1,5,243.5,25
8,-124.3,2,1,128.816,25
80,-348.5,2,2,236.864,25
97,-403.2,2,3,368.864,25
95,-396.2,2,4,405.581,25
41,-227.3,2,5,183.5,25
10,-110.9,3,1,128.79,25
12,-115.4,3,2,92.714,25
91,-215.1,3,3,-362.5,25
52,-165.6,3,4,183.592,25
18,-123.5,3,5,0.0,25
23,-131.2,4,1,128.827,25
96,-228.0,4,2,269.598,25
85,-213.8,4,3,183.55,25
19,-126.4,4,4,122.55,25
7,-109.9,4,5,-101.5,25
19,-154.6,5,1,27.0,25
93,-372.7,5,2,183.586,25
19,-156.0,5,3,0.0,25
35,-203.7,5,4,163.55,25
5,-115.6,5,5,92.5,25
92,-312.5,1,1,0.5,26
83,-294.7,1,2,-312.5,26
32,-176.2,1,3,128.0,26
66,-252.1,1,4,128.7,26
55,-227.7,1,5,176.2,26
79,-179.9,2,1,64.0,26
43,-143.3,2,2,146.725,26
40,-140.4,2,3,128.825,26
88,-188.8,2,4,236.8,26
61,-163.6,2,5,236.5,26
23,-167.7,3,1,128.764,26
74,-315.7,3,2,183.757,26
31,-190.3,3,3,176.268,26
57,-266.9,3,4,-248.5,26
23,-166.1,3,5,74.0,26
22,-121.6,4,1,167.768,26
79,-182.6,4,2,269.141,26
87,-192.1,4,3,191.598,26
94,-199.1,4,4,209.522,26
14,-114.7,4,5,-101.4,26
56,-267.8,5,1,236.492,26
58,-273.2,5,2,269.564,26
50,-249.0,5,3,248.541,26
1,-104.1,5,4,0.0,26
21,-162.4,5,5,122.5,26
58,-167.0,1,1,2.0,27
1,-102.6,1,2,167.02,27
78,-189.4,1,3,128.02,27
52,-157.5,1,4,183.2,27
55,-162.6,1,5,128.5,27
67,-250.4,2,1,128.01,27
31,-171.3,2,2,128.848,27
68,-253.5,2,3,248.832,27
72,-263.1,2,4,248.553,27
93,-309.1,2,5,255.5,27
25,-160.3,3,1,128.075,27
24,-157.6,3,2,147.526,27
99,-345.0,3,3,298.598,27
72,-275.9,3,4,255.598,27
5,-114.3,3,5,0.0,27
77,-140.4,4,1,255.598,27
42,-123.4,4,2,128.598,27
50,-124.8,4,3,128.551,27
69,-136.2,4,4,-236.5,27
6,-104.5,4,5,101.5,27
40,-216.2,5,1,128.041,27
25,-172.2,5,2,183.598,27
19,-157.1,5,3,145.541,27
60,-270.5,5,4,183.541,27
2,-106.3,5,5,92.5,27
75,-284.9,1,1,3.0,28
25,-161.4,1,2,527.2,28
2,-104.4,1,3,5.6,28
52,-228.5,1,4,5.2,28
2,-102.7,1,5,128.8,28
85,-160.2,2,1,15.0,28
68,-147.5,2,2,236.825,28
66,-145.9,2,3,145.75,28
43,-132.2,2,4,122.743,28
78,-155.1,2,5,146.543,28
62,-159.9,3,1,128.548,28
51,-149.3,3,2,146.541,28
27,-127.3,3,3,128.7,28
0,-98.9,3,4,25.0,28
28,-128.4,3,5,128.7,28
0,-101.3,4,1,25.0,28
88,-298.6,4,2,145.7,28
97,-317.2,4,3,291.5,28
89,-299.3,4,4,316.5,28
76,-270.7,4,5,239.5,28
7,-121.9,5,1,118.882,28
57,-299.8,5,2,128.5,28
89,-414.0,5,3,298.3,28
84,-395.1,5,4,416.5,28
70,-347.7,5,5,357.5,28
26,-166.1,1,1,3.0,29
21,-154.1,1,2,128.116,29
91,-329.0,1,3,128.1128,29
53,-232.1,1,4,128.0,29
40,-197.6,1,5,176.1,29
9,-111.3,2,1,128.016,29
63,-165.8,2,2,183.725,29
75,-174.5,2,3,183.541,29
57,-159.2,2,4,-147.5,29
95,-194.0,2,5,291.55,29
77,-230.7,3,1,47.0,29
30,-150.0,3,2,183.341,29
15,-125.4,3,3,0.0,29
88,-244.4,3,4,-269.5,29
97,-259.8,3,5,236.592,29
27,-140.1,4,1,128.892,29
8,-110.8,4,2,101.762,29
4,-103.5,4,3,64.7,29
3,-103.8,4,4,92.792,29
55,-187.0,4,5,158.596,29
47,-277.3,5,1,183.592,29
79,-394.3,5,2,269.592,29
40,-251.2,5,3,248.898,29
75,-378.3,5,4,392.598,29
54,-300.8,5,5,248.5,29
12,-121.3,1,1,2.0,30
39,-167.3,1,2,128.767,30
21,-136.5,1,3,128.78,30
14,-123.5,1,4,128.7,30
98,-268.1,1,5,128.5,30
81,-222.1,2,1,128.525,30
8,-112.3,2,2,64.0,30
45,-170.8,2,3,183.321,30
87,-230.9,2,4,236.7,30
27,-142.8,2,5,128.592,30
47,-170.5,3,1,183.995,30
13,-121.9,3,2,101.592,30
56,-183.2,3,3,175.592,30
15,-122.5,3,4,122.598,30
48,-172.7,3,5,171.586,30
79,-225.1,4,1,224.769,30
55,-188.7,4,2,183.586,30
27,-144.4,4,3,139.516,30
3,-106.4,4,4,6.492,30
95,-250.0,4,5,247.5,30
48,-229.7,5,1,172.786,30
29,-178.7,5,2,145.992,30
27,-170.8,5,3,145.598,30
87,-333.1,5,4,232.595,30
78,-308.8,5,5,236.7,30
77,-242.2,1,1,3.0,31
14,-124.1,1,2,183.6,31
59,-210.5,1,3,183.8,31
95,-275.9,1,4,183.8,31
8,-114.1,1,5,0.0,31
63,-199.2,2,1,183.2,31
49,-175.2,2,2,183.8,31
5,-106.7,2,3,0.0,31
41,-163.9,2,4,163.8,31
91,-240.7,2,5,291.7,31
51,-150.9,3,1,183.8,31
7,-107.5,3,2,105.9,31
32,-130.5,3,3,128.8,31
7,-106.9,3,4,0.0,31
72,-170.6,3,5,210.5,31
46,-110.8,4,1,158.5,31
70,-116.4,4,2,190.5,31
95,-121.3,4,3,255.5,31
59,-112.5,4,4,210.5,31
83,-119.3,4,5,145.5,31
22,-137.8,5,1,0.0,31
4,-105.3,5,2,101.2,31
53,-188.1,5,3,-128.5,31
53,-188.9,5,4,183.7,31
78,-231.7,5,5,183.5,31
13,-121.5,1,1,2.0,32
40,-167.5,1,2,128.5,32
68,-215.9,1,3,128.5,32
52,-189.0,1,4,236.2,32
78,-234.8,1,5,236.5,32
2,-106.4,2,1,5.0,32
56,-263.1,2,2,128.8,32
68,-299.3,2,3,248.5,32
11,-132.1,2,4,0.0,32
76,-324.5,2,5,269.5,32
61,-207.4,3,1,0.0,32
74,-229.3,3,2,269.5,32
56,-198.7,3,3,183.5,32
89,-257.4,3,4,269.5,32
21,-135.8,3,5,128.5,32
47,-258.2,4,1,183.5,32
62,-310.3,4,2,206.5,32
71,-338.7,4,3,239.5,32
58,-295.9,4,4,206.5,32
69,-334.6,4,5,332.5,32
42,-231.5,5,1,183.5,32
81,-355.7,5,2,269.5,32
15,-148.2,5,3,128.5,32
3,-110.2,5,4,0.0,32
8,-125.4,5,5,128.5,32
75,-147.4,1,1,0.5,33
4,-102.0,1,2,147.4,33
86,-156.7,1,3,128.8,33
38,-123.8,1,4,128.8,33
1,-100.2,1,5,128.0,33
55,-218.5,2,1,128.0,33
17,-138.8,2,2,128.0,33
94,-302.2,2,3,183.3,33
94,-302.3,2,4,0.0,33
8,-119.0,2,5,0.0,33
72,-212.2,3,1,0.0,33
84,-231.9,3,2,183.3,33
72,-211.7,3,3,212.1,33
71,-211.8,3,4,210.5,33
93,-245.9,3,5,291.5,33
97,-286.7,4,1,183.5,33
81,-257.0,4,2,236.5,33
2,-102.3,4,3,0.0,33
64,-221.9,4,4,183.3,33
92,-276.2,4,5,269.5,33
23,-134.2,5,1,128.0,33
91,-233.6,5,2,269.5,33
43,-161.9,5,3,128.5,33
35,-152.7,5,4,122.5,33
14,-120.5,5,5,98.5,33
26,-141.8,1,1,3.0,34
27,-142.5,1,2,128.4,34
43,-170.6,1,3,146.2,34
82,-236.1,1,4,183.2,34
7,-110.4,1,5,0.0,34
64,-228.6,2,1,128.4,34
13,-127.2,2,2,128.5,34
98,-295.7,2,3,236.1,34
18,-138.1,2,4,128.4,34
77,-254.0,2,5,236.5,34
96,-328.7,3,1,0.0,34
77,-285.0,3,2,128.5,34
20,-148.8,3,3,128.5,34
36,-186.3,3,4,163.5,34
71,-268.7,3,5,269.5,34
73,-317.1,4,1,288.5,34
40,-218.9,4,2,183.5,34
0,-99.8,4,3,0.0,34
26,-175.6,4,4,128.5,34
65,-292.5,4,5,239.5,34
79,-115.9,5,1,291.5,34
54,-110.6,5,2,183.5,34
36,-106.5,5,3,183.5,34
81,-118.6,5,4,236.5,34
10,-101.5,5,5,101.5,34
62,-265.9,1,1,2.0,35
40,-209.5,1,2,183.3,35
52,-240.0,1,3,183.2,35
45,-222.2,1,4,183.3,35
48,-228.6,1,5,236.8,35
11,-105.0,2,1,5.0,35
82,-162.8,2,2,0.0,35
29,-122.9,2,3,137.3,35
9,-105.3,2,4,0.0,35
19,-114.5,2,5,101.5,35
62,-312.4,3,1,0.0,35
38,-230.5,3,2,269.2,35
39,-233.1,3,3,233.5,35
93,-416.9,3,4,183.5,35
97,-431.2,3,5,417.5,35
67,-220.7,4,1,0.0,35
68,-222.9,4,2,223.5,35
10,-116.6,4,3,105.0,35
85,-249.3,4,4,163.5,35
76,-234.5,4,5,236.5,35
20,-149.0,5,1,120.0,35
11,-128.9,5,2,101.1,35
88,-311.4,5,3,248.5,35
53,-230.4,5,4,239.5,35
63,-255.7,5,5,236.5,35
88,-295.7,1,1,5.0,36
83,-283.8,1,2,295.7,36
83,-283.2,1,3,295.7,36
19,-141.8,1,4,0.0,36
20,-144.7,1,5,141.2,36
91,-186.9,2,1,291.5,36
52,-147.9,2,2,128.5,36
69,-165.3,2,3,147.9,36
35,-133.4,2,4,128.5,36
31,-130.2,2,5,128.5,36
75,-302.5,3,1,183.5,36
90,-342.8,3,2,183.5,36
82,-322.3,3,3,-326.5,36
94,-353.8,3,4,326.5,36
61,-265.4,3,5,183.5,36
25,-160.0,4,1,0.0,36
71,-266.4,4,2,183.5,36
66,-253.1,4,3,269.1,36
46,-207.2,4,4,146.5,36
63,-249.2,4,5,248.5,36
89,-386.5,5,1,269.5,36
67,-316.6,5,2,288.5,36
67,-314.8,5,3,291.5,36
37,-216.1,5,4,183.5,36
69,-321.8,5,5,318.5,36
93,-475.0,1,1,1.0,37
58,-335.5,1,2,812.0,37
99,-500.0,1,3,527.0,37
42,-268.4,1,4,275.0,37
55,-322.8,1,5,269.2,37
65,-93.9,2,1,0.0,37
11,-95.8,2,2,0.0,37
50,-96.8,2,3,0.0,37
88,-90.7,2,4,0.0,37
11,-98.7,2,5,0.0,37
11,-133.4,3,1,0.0,37
45,-231.4,3,2,128.7,37
56,-262.5,3,3,236.8,37
5,-114.4,3,4,0.0,37
46,-234.4,3,5,236.5,37
2,-103.9,4,1,0.0,37
19,-128.5,4,2,0.0,37
55,-179.4,4,3,128.5,37
21,-130.6,4,4,128.5,37
43,-163.3,4,5,183.5,37
9,-128.2,5,1,0.0,37
56,-259.7,5,2,128.5,37
18,-151.9,5,3,128.5,37
31,-188.8,5,4,145.5,37
70,-302.0,5,5,183.5,37
0,-98.4,1,1,1.0,38
23,-135.3,1,2,128.8,38
48,-179.9,1,3,128.8,38
24,-137.2,1,4,176.8,38
88,-244.6,1,5,183.8,38
47,-130.6,2,1,183.7,38
89,-159.0,2,2,245.2,38
6,-102.0,2,3,0.0,38
24,-115.7,2,4,128.0,38
62,-141.3,2,5,183.5,38
36,-216.5,3,1,128.0,38
60,-291.5,3,2,146.5,38
87,-377.3,3,3,269.5,38
44,-239.9,3,4,183.5,38
94,-398.8,3,5,392.5,38
86,-295.4,4,1,0.0,38
72,-263.9,4,2,269.2,38
62,-238.3,4,3,236.5,38
10,-124.1,4,4,101.0,38
17,-139.3,4,5,92.5,38
54,-253.9,5,1,183.5,38
6,-118.5,5,2,101.0,38
52,-249.2,5,3,236.5,38
23,-167.3,5,4,128.5,38
15,-144.1,5,5,101.5,38
66,-131.1,1,1,3.0,39
57,-125.9,1,2,128.7,39
60,-126.1,1,3,128.8,39
78,-132.8,1,4,128.2,39
58,-125.7,1,5,128.7,39
70,-235.3,2,1,128.7,39
5,-110.8,2,2,0.0,39
7,-113.3,2,3,128.5,39
75,-245.7,2,4,236.7,39
14,-126.6,2,5,101.4,39
40,-215.6,3,1,240.0,39
50,-246.7,3,2,215.0,39
82,-343.2,3,3,246.5,39
98,-389.7,3,4,348.5,39
0,-99.6,3,5,0.0,39
87,-219.9,4,1,0.0,39
63,-187.5,4,2,216.5,39
51,-171.6,4,3,183.9,39
28,-140.8,4,4,163.5,39
9,-113.1,4,5,139.5,39
68,-304.7,5,1,183.9,39
7,-119.7,5,2,128.7,39
15,-143.6,5,3,128.5,39
78,-334.0,5,4,-320.8,39
59,-276.1,5,5,-304.5,39
51,-130.1,1,1,3.0,40
69,-144.3,1,2,128.7,40
17,-109.4,1,3,128.7,40
74,-146.5,1,4,128.7,40
3,-100.3,1,5,0.0,40
18,-121.6,2,1,128.9,40
35,-141.4,2,2,128.7,40
73,-188.0,2,3,146.5,40
74,-190.9,2,4,0.0,40
81,-198.9,2,5,191.1,40
7,-111.3,3,1,0.0,40
0,-98.7,3,2,0.0,40
57,-196.7,3,3,183.5,40
9,-115.5,3,4,105.2,40
58,-200.3,3,5,197.5,40
27,-193.3,4,1,128.5,40
33,-215.8,4,2,183.3,40
49,-269.6,4,3,216.5,40
69,-341.3,4,4,269.6,40
2,-105.2,4,5,0.0,40
54,-209.3,5,1,236.5,40
71,-244.6,5,2,239.5,40
95,-292.2,5,3,269.5,40
47,-197.1,5,4,269.5,40
84,-271.3,5,5,248.5,40
33,-175.0,1,1,5.0,41
11,-124.0,1,2,176.0,41
51,-216.3,1,3,128.0,41
11,-126.2,1,4,176.0,41
76,-272.3,1,5,216.3,41
65,-189.9,2,1,128.0,41
17,-123.3,2,2,128.0,41
12,-116.9,2,3,122.5,41
45,-161.3,2,4,216.7,41
60,-181.5,2,5,210.0,41
59,-184.9,3,1,183.5,41
20,-128.9,3,2,123.0,41
72,-205.9,3,3,-248.5,41
63,-190.9,3,4,183.3,41
48,-170.2,3,5,145.9,41
99,-304.1,4,1,0.0,41
40,-180.7,4,2,128.0,41
44,-190.9,4,3,175.4,41
29,-158.9,4,4,128.7,41
51,-205.7,4,5,216.3,41
15,-114.3,5,1,128.0,41
13,-112.8,5,2,110.7,41
73,-179.4,5,3,216.3,41
19,-119.6,5,4,116.7,41
45,-147.3,5,5,163.1,41
17,-135.3,1,1,2.0,42
2,-104.7,1,2,128.7,42
98,-307.4,1,3,128.7,42
44,-192.2,1,4,128.8,42
76,-261.0,1,5,128.8,42
78,-316.1,2,1,0.0,42
86,-338.7,2,2,-324.5,42
22,-159.6,2,3,128.5,42
43,-220.8,2,4,183.5,42
49,-237.0,2,5,236.5,42
56,-283.6,3,1,236.5,42
75,-347.1,3,2,288.5,42
93,-404.8,3,3,355.5,42
34,-211.6,3,4,183.5,42
59,-292.6,3,5,-291.4,42
43,-258.0,4,1,183.9,42
87,-418.8,4,2,392.5,42
28,-201.3,4,3,183.4,42
36,-231.4,4,4,236.7,42
64,-335.7,4,5,326.1,42
77,-262.9,5,1,-326.5,42
89,-290.2,5,2,431.5,42
90,-290.9,5,3,291.5,42
91,-292.9,5,4,290.9,42
78,-266.5,5,5,-262.9,42
19,-139.6,1,1,2.0,43
90,-276.5,1,2,128.4,43
70,-238.2,1,3,128.4,43
98,-290.8,1,4,269.8,43
73,-244.4,1,5,236.8,43
85,-292.0,2,1,128.5,43
39,-189.6,2,2,128.8,43
45,-203.1,2,3,183.2,43
92,-307.2,2,4,-288.5,43
26,-158.5,2,5,146.4,43
81,-409.6,3,1,288.5,43
52,-298.1,3,2,236.5,43
83,-417.1,3,3,416.5,43
7,-126.9,3,4,0.0,43
5,-118.3,3,5,-101.5,43
88,-333.6,4,1,-426.5,43
33,-188.1,4,2,183.9,43
15,-139.4,4,3,133.9,43
28,-175.2,4,4,175.5,43
11,-128.3,4,5,122.5,43
45,-248.1,5,1,183.5,43
79,-357.0,5,2,269.5,43
68,-322.2,5,3,332.5,43
53,-273.3,5,4,269.5,43
45,-246.4,5,5,248.1,43
17,-146.7,1,1,2.0,44
6,-115.9,1,2,128.3,44
74,-305.8,1,3,128.1,44
63,-274.5,1,4,128.7,44
68,-289.8,1,5,128.2,44
60,-239.7,2,1,183.3,44
50,-215.3,2,2,183.3,44
72,-266.4,2,3,291.7,44
59,-237.8,2,4,-236.1,44
50,-217.3,2,5,215.3,44
39,-221.2,3,1,183.9,44
51,-256.8,3,2,206.7,44
26,-178.4,3,3,183.9,44
7,-118.9,3,4,128.9,44
30,-190.0,3,5,183.5,44
3,-104.9,4,1,5.0,44
65,-218.1,4,2,269.5,44
98,-280.4,4,3,269.5,44
46,-184.5,4,4,216.5,44
34,-162.0,4,5,183.5,44
88,-102.1,5,1,269.5,44
65,-102.0,5,2,183.5,44
83,-102.7,5,3,118.5,44
58,-101.3,5,4,92.5,44
35,-101.7,5,5,98.5,44
26,-144.9,1,1,3.0,45
52,-187.3,1,2,128.7,45
84,-244.5,1,3,236.7,45
73,-225.0,1,4,236.7,45
78,-233.3,1,5,236.7,45
25,-173.3,2,1,128.0,45
60,-273.5,2,2,183.3,45
54,-257.0,2,3,236.5,45
72,-308.2,2,4,225.0,45
92,-365.2,2,5,324.5,45
12,-126.3,3,1,128.0,45
66,-235.4,3,2,-269.7,45
14,-129.0,3,3,-139.7,45
72,-243.9,3,4,206.7,45
66,-234.4,3,5,236.5,45
30,-151.0,4,1,0.0,45
39,-166.1,4,2,158.5,45
38,-165.2,4,3,167.5,45
94,-259.0,4,4,373.5,45
42,-170.4,4,5,171.5,45
43,-141.3,5,1,183.3,45
9,-108.9,5,2,128.7,45
64,-160.4,5,3,-236.5,45
21,-119.8,5,4,-128.8,45
84,-177.9,5,5,-245.5,45
36,-175.7,1,1,3.0,46
5,-110.7,1,2,128.3,46
60,-226.7,1,3,128.3,46
28,-157.6,1,4,128.7,46
89,-285.2,1,5,128.9,46
5,-110.6,2,1,110.7,46
16,-125.0,2,2,92.4,46
47,-172.9,2,3,162.5,46
20,-130.9,2,4,130.0,46
69,-206.2,2,5,236.1,46
6,-120.0,3,1,89.2,46
24,-170.6,3,2,135.4,46
51,-249.5,3,3,183.4,46
76,-322.2,3,4,241.5,46
69,-299.2,3,5,0.0,46
69,-282.8,4,1,0.0,46
33,-187.7,4,2,183.3,46
61,-262.9,4,3,248.5,46
89,-337.9,4,4,291.5,46
42,-210.5,4,5,183.5,46
61,-227.2,5,1,262.9,46
12,-124.1,5,2,128.8,46
94,-295.9,5,3,291.5,46
24,-150.6,5,4,130.5,46
77,-261.4,5,5,291.5,46
30,-128.9,1,1,5.0,47
44,-143.4,1,2,128.9,47
86,-181.1,1,3,128.9,47
7,-107.9,1,4,128.9,47
30,-128.9,1,5,128.9,47
79,-260.9,2,1,0.0,47
40,-182.4,2,2,128.4,47
46,-194.7,2,3,175.1,47
86,-280.5,2,4,-181.1,47
71,-245.3,2,5,-248.7,47
97,-263.9,3,1,255.5,47
84,-243.4,3,2,246.5,47
88,-248.5,3,3,242.7,47
50,-185.1,3,4,206.2,47
31,-152.9,3,5,128.9,47
14,-133.7,4,1,0.0,47
32,-173.7,4,2,128.8,47
25,-157.6,4,3,158.5,47
38,-188.4,4,4,178.8,47
65,-251.3,4,5,248.5,47
62,-206.7,5,1,0.0,47
62,-206.1,5,2,0.0,47
3,-104.4,5,3,5.6,47
47,-182.0,5,4,183.9,47
96,-266.7,5,5,269.5,47
70,-244.9,1,1,0.8,48
20,-142.2,1,2,248.2,48
91,-293.0,1,3,5.2,48
72,-251.2,1,4,183.8,48
79,-265.3,1,5,248.5,48
49,-127.9,2,1,183.8,48
18,-110.9,2,2,92.8,48
33,-118.3,2,3,98.7,48
45,-124.9,2,4,122.7,48
6,-103.8,2,5,0.0,48
46,-177.8,3,1,128.7,48
77,-229.0,3,2,183.5,48
24,-141.0,3,3,175.4,48
27,-144.2,3,4,146.5,48
87,-246.6,3,5,269.8,48
76,-340.3,4,1,183.5,48
39,-221.7,4,2,183.3,48
91,-388.5,4,3,269.5,48
37,-214.6,4,4,206.5,48
38,-219.5,4,5,220.5,48
85,-273.0,5,1,0.0,48
80,-265.4,5,2,269.5,48
78,-259.5,5,3,269.5,48
51,-203.6,5,4,128.5,48
33,-168.8,5,5,183.5,48
22,-128.0,1,1,2.0,49
34,-145.0,1,2,128.0,49
19,-124.6,1,3,128.0,49
83,-208.9,1,4,128.0,49
81,-205.6,1,5,209.2,49
28,-153.5,2,1,128.0,49
36,-170.1,2,2,146.5,49
7,-113.4,2,3,0.0,49
41,-180.0,2,4,175.5,49
84,-263.7,2,5,209.4,49
22,-130.7,3,1,128.0,49
92,-222.6,3,2,262.5,49
30,-141.0,3,3,128.0,49
86,-214.5,3,4,248.5,49
98,-230.4,3,5,236.1,49
74,-256.8,4,1,0.0,49
51,-208.4,4,2,183.5,49
55,-215.8,4,3,213.5,49
87,-281.7,4,4,236.5,49
46,-196.6,4,5,183.5,49
50,-236.7,5,1,0.0,49
54,-248.4,5,2,236.7,49
9,-123.2,5,3,122.5,49
15,-140.5,5,4,128.5,49
72,-296.6,5,5,262.5,49
9,-122.1,1,1,2.0,50
17,-140.6,1,2,128.7,50
97,-324.0,1,3,128.5,50
52,-220.2,1,4,128.8,50
83,-293.4,1,5,128.8,50
31,-195.5,2,1,128.8,50
60,-285.5,2,2,183.5,50
55,-267.5,2,3,205.5,50
15,-146.6,2,4,0.0,50
68,-309.0,2,5,288.8,50
0,-100.7,3,1,0.0,50
22,-174.5,3,2,92.5,50
31,-204.9,3,3,183.3,50
69,-334.7,3,4,291.5,50
52,-275.9,3,5,236.2,50
79,-147.4,4,1,0.0,50
43,-124.4,4,2,137.5,50
14,-109.6,4,3,101.4,50
13,-107.5,4,4,101.2,50
46,-127.4,4,5,137.5,50
60,-250.7,5,1,0.0,50
4,-111.4,5,2,0.0,50
50,-226.4,5,3,240.0,50
60,-251.6,5,4,270.7,50
55,-238.3,5,5,236.2,50
65,-260.9,1,1,3.0,51
12,-129.9,1,2,183.2,51
75,-287.3,1,3,128.7,51
34,-185.9,1,4,128.7,51
96,-339.3,1,5,0.0,51
6,-110.2,2,1,0.0,51
91,-251.9,2,2,291.8,51
60,-198.5,2,3,183.3,51
21,-132.9,2,4,127.5,51
48,-178.8,2,5,183.3,51
80,-117.1,3,1,0.0,51
46,-108.7,3,2,163.8,51
93,-117.5,3,3,236.7,51
82,-117.1,3,4,122.5,51
47,-110.9,3,5,108.7,51
58,-228.4,4,1,118.5,51
20,-144.0,4,2,128.8,51
92,-305.6,4,3,236.5,51
74,-264.5,4,4,269.4,51
86,-292.6,4,5,236.5,51
26,-165.2,5,1,128.5,51
43,-205.9,5,2,183.5,51
93,-333.2,5,3,269.5,51
29,-173.0,5,4,166.5,51
59,-247.5,5,5,236.5,51
89,-113.5,1,1,5.0,52
29,-104.9,1,2,128.5,52
24,-104.8,1,3,105.2,52
3,-102.4,1,4,0.0,52
40,-105.8,1,5,0.0,52
35,-229.7,2,1,128.5,52
54,-301.5,2,2,227.2,52
13,-148.0,2,3,0.0,52
25,-191.1,2,4,147.5,52
75,-377.2,2,5,0.0,52
53,-196.6,3,1,527.5,52
99,-281.4,3,2,183.5,52
3,-105.2,3,3,0.0,52
83,-252.5,3,4,-269.5,52
40,-171.5,3,5,105.8,52
55,-190.0,4,1,183.5,52
42,-169.4,4,2,183.5,52
86,-244.5,4,3,236.5,52
84,-240.7,4,4,236.5,52
43,-170.5,4,5,163.5,52
33,-158.7,5,1,128.5,52
17,-130.2,5,2,128.5,52
3,-106.1,5,3,101.8,52
36,-162.4,5,4,-158.5,52
26,-146.4,5,5,163.5,52
11,-113.1,1,1,2.0,53
35,-146.8,1,2,128.7,53
48,-164.4,1,3,128.4,53
28,-136.9,1,4,183.2,53
49,-164.3,1,5,167.1,53
86,-172.6,2,1,0.0,53
47,-141.9,2,2,167.5,53
2,-103.0,2,3,0.0,53
75,-163.6,2,4,175.5,53
87,-173.5,2,5,173.1,53
6,-114.7,3,1,128.0,53
69,-295.7,3,2,147.5,53
61,-273.4,3,3,298.5,53
18,-151.2,3,4,98.5,53
43,-221.1,3,5,-148.5,53
18,-110.1,4,1,0.0,53
29,-117.3,4,2,128.5,53
22,-115.4,4,3,101.9,53
83,-145.9,4,4,183.5,53
80,-144.1,4,5,145.8,53
29,-120.7,5,1,128.5,53
52,-139.7,5,2,128.5,53
63,-147.3,5,3,236.5,53
84,-164.1,5,4,145.5,53
46,-133.9,5,5,139.5,53
56,-250.4,1,1,3.0,54
98,-366.4,1,2,246.8,54
40,-208.2,1,3,532.8,54
78,-312.8,1,4,128.8,54
56,-250.7,1,5,208.2,54
54,-184.1,2,1,128.8,54
22,-135.7,2,2,128.4,54
72,-212.8,2,3,248.5,54
72,-213.4,2,4,216.4,54
63,-197.6,2,5,183.9,54
49,-160.3,3,1,0.0,54
64,-177.6,3,2,183.9,54
74,-192.3,3,3,210.4,54
26,-132.6,3,4,-128.1,54
94,-214.7,3,5,236.7,54
39,-166.7,4,1,158.5,54
10,-118.3,4,2,64.7,54
62,-207.1,4,3,171.7,54
58,-199.1,4,4,179.5,54
93,-260.7,4,5,213.5,54
63,-196.1,5,1,198.5,54
56,-186.2,5,2,-250.7,54
26,-138.7,5,3,130.7,54
67,-201.7,5,4,198.5,54
10,-115.3,5,5,-118.5,54
77,-230.8,1,1,3.0,55
21,-136.1,1,2,176.4,55
53,-188.5,1,3,128.8,55
18,-129.6,1,4,128.4,55
75,-230.1,1,5,236.2,55
57,-226.5,2,1,183.3,55
97,-314.2,2,2,236.5,55
3,-105.9,2,3,0.0,55
32,-169.5,2,4,128.8,55
7,-114.7,2,5,105.9,55
98,-106.5,3,1,288.8,55
40,-102.4,3,2,176.5,55
67,-102.1,3,3,206.7,55
6,-100.3,3,4,105.2,55
66,-102.9,3,5,0.0,55
29,-149.7,4,1,128.5,55
90,-255.1,4,2,183.9,55
33,-157.9,4,3,147.5,55
41,-170.7,4,4,153.5,55
94,-260.6,4,5,255.9,55
3,-111.9,5,1,105.9,55
54,-305.7,5,2,183.5,55
44,-266.6,5,3,306.5,55
90,-440.2,5,4,255.1,55
97,-466.4,5,5,441.9,55
0,-98.8,1,1,1.0,56
55,-195.5,1,2,128.8,56
54,-193.1,1,3,0.0,56
23,-140.5,1,4,128.5,56
17,-127.4,1,5,128.5,56
31,-195.8,2,1,128.5,56
14,-141.6,2,2,128.5,56
88,-367.8,2,3,183.8,56
96,-386.9,2,4,368.4,56
79,-336.1,2,5,288.5,56
54,-188.9,3,1,0.0,56
27,-145.6,3,2,140.5,56
38,-161.9,3,3,183.5,56
86,-241.7,3,4,392.5,56
59,-196.4,3,5,183.5,56
93,-239.9,4,1,183.5,56
79,-219.2,4,2,183.5,56
16,-123.6,4,3,128.5,56
6,-108.4,4,4,0.0,56
31,-146.1,4,5,183.5,56
14,-134.2,5,1,118.5,56
99,-335.5,5,2,269.5,56
4,-111.2,5,3,101.2,56
76,-280.6,5,4,269.5,56
57,-235.8,5,5,198.5,56
53,-290.0,1,1,227.0,57
18,-162.6,1,2,527.0,57
14,-151.0,1,3,128.0,57
13,-146.7,1,4,148.4,57
38,-234.9,1,5,183.3,57
78,-276.5,2,1,0.0,57
66,-249.0,2,2,269.2,57
43,-196.6,2,3,227.3,57
96,-315.2,2,4,269.5,57
49,-210.6,2,5,183.4,57
32,-157.5,3,1,128.0,57
23,-140.5,3,2,145.0,57
77,-236.8,3,3,269.5,57
55,-197.0,3,4,183.5,57
76,-235.4,3,5,239.5,57
99,-249.1,4,1,0.0,57
75,-213.7,4,2,236.5,57
24,-139.5,4,3,128.5,57
71,-206.8,4,4,220.5,57
62,-192.8,4,5,198.5,57
26,-209.8,5,1,128.5,57
79,-437.6,5,2,239.5,57
90,-486.8,5,3,527.5,57
82,-451.0,5,4,423.4,57
46,-298.7,5,5,183.5,57
34,-168.7,1,1,3.0,58
89,-282.7,1,2,236.3,58
9,-120.1,1,3,0.0,58
92,-287.2,1,4,128.7,58
50,-202.9,1,5,128.5,58
93,-217.5,2,1,288.5,58
2,-102.2,2,2,0.0,58
71,-190.0,2,3,236.5,58
42,-152.0,2,4,158.8,58
81,-202.0,2,5,236.5,58
58,-218.5,3,1,176.5,58
85,-274.9,3,2,216.5,58
92,-290.8,3,3,288.2,58
72,-248.7,3,4,178.5,58
45,-192.5,3,5,145.5,58
74,-160.4,4,1,248.5,58
80,-167.4,4,2,248.0,58
15,-111.6,4,3,0.0,58
26,-121.6,4,4,128.8,58
56,-147.1,4,5,183.6,58
47,-183.7,5,1,183.3,58
28,-149.4,5,2,128.8,58
53,-194.3,5,3,183.5,58
30,-153.7,5,4,135.0,58
91,-264.4,5,5,288.5,58
24,-116.0,1,1,3.0,59
11,-108.6,1,2,128.0,59
81,-156.5,1,3,128.8,59
97,-165.5,1,4,128.0,59
1,-101.1,1,5,128.0,59
84,-184.5,2,1,128.0,59
42,-143.2,2,2,128.0,59
37,-138.7,2,3,128.8,59
82,-183.0,2,4,183.3,59
35,-134.6,2,5,139.5,59
23,-170.6,3,1,128.0,59
67,-303.4,3,2,147.4,59
34,-205.0,3,3,-269.4,59
23,-171.0,3,4,0.0,59
71,-318.2,3,5,306.4,59
23,-174.7,4,1,0.0,59
59,-283.7,4,2,269.2,59
31,-196.4,4,3,202.5,59
24,-175.1,4,4,175.5,59
28,-188.7,4,5,183.5,59
3,-100.4,5,1,0.0,59
55,-173.6,5,2,269.5,59
95,-231.0,5,3,216.5,59
45,-160.5,5,4,163.5,59
0,-97.4,5,5,0.0,59
49,-266.5,1,1,3.0,60
56,-290.7,1,2,236.5,60
31,-204.2,1,3,128.5,60
69,-334.2,1,4,183.8,60
22,-174.1,1,5,128.8,60
8,-114.5,2,1,128.5,60
85,-260.4,2,2,0.0,60
67,-225.5,2,3,332.5,60
63,-219.0,2,4,183.9,60
13,-124.5,2,5,-92.5,60
20,-162.5,3,1,128.5,60
73,-320.7,3,2,236.5,60
34,-205.4,3,3,206.5,60
46,-240.9,3,4,218.5,60
67,-305.1,3,5,262.5,60
48,-144.6,4,1,208.5,60
64,-159.6,4,2,248.5,60
75,-170.4,4,3,269.5,60
48,-144.4,4,4,128.5,60
58,-153.9,4,5,166.5,60
79,-253.9,5,1,0.0,60
12,-124.8,5,2,128.5,60
42,-181.2,5,3,183.5,60
81,-260.0,5,4,248.5,60
71,-240.0,5,5,230.5,60
22,-124.1,1,1,2.0,61
87,-188.9,1,2,128.2,61
42,-143.2,1,3,128.7,61
13,-114.4,1,4,0.0,61
55,-156.8,1,5,128.5,61
37,-209.4,2,1,128.7,61
32,-195.2,2,2,183.2,61
1,-102.8,2,3,0.0,61
23,-167.2,2,4,183.6,61
73,-315.9,2,5,183.6,61
19,-120.0,3,1,183.8,61
96,-204.4,3,2,216.4,61
91,-200.3,3,3,183.2,61
98,-206.0,3,4,208.1,61
19,-122.3,3,5,0.0,61
28,-157.3,4,1,183.6,61
4,-108.2,4,2,0.0,61
95,-303.7,4,3,191.5,61
46,-199.6,4,4,163.5,61
15,-132.4,4,5,113.5,61
79,-179.7,5,1,-269.5,61
14,-115.8,5,2,0.0,61
13,-115.0,5,3,-114.4,61
46,-146.4,5,4,183.5,61
77,-177.0,5,5,236.5,61
99,-210.4,1,1,1.0,62
12,-117.1,1,2,183.6,62
47,-153.1,1,3,128.8,62
77,-188.2,1,4,183.9,62
54,-161.8,1,5,183.8,62
42,-169.0,2,1,128.8,62
21,-134.0,2,2,128.0,62
25,-143.3,2,3,128.5,62
11,-117.3,2,4,92.5,62
97,-269.7,2,5,183.5,62
62,-327.1,3,1,183.5,62
19,-170.8,3,2,128.5,62
16,-159.3,3,3,145.5,62
23,-185.9,3,4,146.7,62
79,-389.1,3,5,269.5,62
2,-102.3,4,1,0.0,62
72,-243.2,4,2,183.5,62
46,-188.8,4,3,183.5,62
2,-104.6,4,4,0.0,62
56,-211.3,4,5,183.5,62
74,-290.7,5,1,0.0,62
32,-185.4,5,2,183.5,62
97,-351.6,5,3,392.5,62
20,-152.6,5,4,147.5,62
84,-317.2,5,5,392.4,62
58,-161.9,1,1,2.0,63
76,-178.4,1,2,128.7,63
62,-163.5,1,3,183.1,63
2,-101.2,1,4,0.0,63
49,-150.3,1,5,153.8,63
92,-346.8,2,1,183.8,63
74,-299.1,2,2,347.2,63
37,-200.3,2,3,128.7,63
39,-204.7,2,4,202.7,63
22,-160.4,2,5,128.2,63
20,-148.9,3,1,0.0,63
85,-307.6,3,2,183.5,63
89,-316.6,3,3,291.5,63
57,-239.6,3,4,-158.5,63
0,-100.2,3,5,0.0,63
82,-407.1,4,1,527.5,63
37,-237.7,4,2,183.5,63
38,-243.6,4,3,241.5,63
3,-111.4,4,4,101.2,63
84,-415.4,4,5,-408.4,63
35,-217.0,5,1,183.5,63
97,-427.1,5,2,408.5,63
38,-226.5,5,3,236.5,63
51,-271.0,5,4,236.5,63
5,-114.1,5,5,101.2,63
52,-180.7,1,1,2.0,64
28,-143.9,1,2,128.3,64
51,-182.3,1,3,128.1,64
27,-140.1,1,4,128.7,64
74,-216.6,1,5,183.9,64
13,-111.0,2,1,128.9,64
39,-133.4,2,2,128.5,64
80,-172.3,2,3,216.0,64
48,-143.6,2,4,137.5,64
36,-136.1,2,5,128.8,64
37,-134.8,3,1,128.7,64
97,-192.3,3,2,183.5,64
60,-156.1,3,3,144.0,64
7,-104.8,3,4,0.0,64
18,-117.5,3,5,105.5,64
55,-235.5,4,1,183.3,64
71,-275.5,4,2,216.3,64
9,-121.2,4,3,105.0,64
1,-103.0,4,4,0.0,64
34,-183.0,4,5,128.8,64
10,-137.8,5,1,101.0,64
88,-435.0,5,2,269.2,64
94,-457.2,5,3,440.0,64
69,-361.4,5,4,269.2,64
12,-144.7,5,5,-128.8,64
5,-114.7,1,1,2.0,65
12,-134.3,1,2,128.3,65
31,-184.1,1,3,128.1,65
64,-272.8,1,4,128.8,65
93,-349.0,1,5,269.5,65
54,-207.3,2,1,128.8,65
93,-288.2,2,2,262.8,65
98,-297.8,2,3,291.9,65
51,-204.3,2,4,248.5,65
3,-104.6,2,5,5.0,65
16,-156.2,3,1,128.0,65
35,-224.2,3,2,163.5,65
40,-241.3,3,3,236.5,65
24,-184.3,3,4,176.7,65
32,-212.1,3,5,236.7,65
48,-176.8,4,1,208.8,65
45,-171.2,4,2,163.5,65
33,-151.6,4,3,166.7,65
92,-248.9,4,4,269.5,65
61,-198.3,4,5,236.5,65
7,-116.0,5,1,128.0,65
40,-185.7,5,2,236.0,65
6,-112.9,5,3,108.3,65
96,-303.9,5,4,269.5,65
81,-274.0,5,5,269.5,65
15,-159.0,1,1,2.0,66
82,-416.5,1,2,128.0,66
66,-357.3,1,3,527.0,66
49,-289.2,1,4,236.7,66
51,-297.8,1,5,291.5,66
67,-253.5,2,1,0.0,66
53,-221.7,2,2,236.8,66
69,-259.6,2,3,206.2,66
6,-115.9,2,4,0.0,66
8,-118.5,2,5,128.2,66
67,-282.6,3,1,183.3,66
0,-101.7,3,2,0.0,66
4,-112.3,3,3,92.9,66
12,-133.2,3,4,128.0,66
14,-140.7,3,5,128.5,66
80,-181.3,4,1,0.0,66
24,-124.9,4,2,183.5,66
76,-177.1,4,3,-157.5,66
2,-101.4,4,4,5.0,66
2,-101.4,4,5,101.4,66
81,-306.2,5,1,183.5,66
50,-229.6,5,2,269.5,66
64,-263.2,5,3,236.5,66
94,-340.7,5,4,392.5,66
39,-200.0,5,5,236.5,66
63,-160.4,1,1,3.0,67
91,-185.0,1,2,128.8,67
7,-105.3,1,3,0.0,67
34,-131.2,1,4,128.8,67
42,-138.8,1,5,128.8,67
6,-109.3,2,1,0.0,67
73,-233.8,2,2,183.3,67
97,-281.4,2,3,236.4,67
21,-137.4,2,4,122.2,67
35,-165.8,2,5,128.8,67
32,-177.2,3,1,0.0,67
25,-160.1,3,2,128.0,67
83,-300.4,3,3,269.5,67
95,-328.6,3,4,311.2,67
90,-315.3,3,5,0.0,67
40,-146.5,4,1,183.6,67
1,-103.2,4,2,0.0,67
49,-159.0,4,3,146.5,67
3,-106.3,4,4,104.5,67
81,-194.4,4,5,269.2,67
86,-324.3,5,1,-183.5,67
92,-340.1,5,2,326.5,67
91,-335.9,5,3,337.5,67
78,-301.2,5,4,291.5,67
3,-109.1,5,5,0.0,67
64,-253.5,1,1,2.0,68
28,-168.1,1,2,253.5,68
6,-115.6,1,3,128.7,68
0,-98.4,1,4,0.0,68
39,-193.5,1,5,128.7,68
45,-180.1,2,1,183.5,68
15,-126.5,2,2,127.5,68
46,-182.0,2,3,183.5,68
45,-180.0,2,4,183.5,68
10,-115.3,2,5,122.5,68
28,-174.1,3,1,128.7,68
17,-145.7,3,2,127.5,68
64,-265.6,3,3,255.5,68
80,-307.8,3,4,0.0,68
79,-304.4,3,5,307.8,68
85,-458.3,4,1,255.0,68
63,-367.9,4,2,392.5,68
46,-291.7,4,3,183.5,68
32,-233.9,4,4,-182.5,68
75,-418.9,4,5,392.5,68
40,-154.2,5,1,0.0,68
79,-207.2,5,2,392.5,68
69,-194.0,5,3,183.5,68
5,-107.8,5,4,-110.5,68
64,-186.5,5,5,-269.4,68
99,-124.8,1,1,1.0,69
20,-104.6,1,2,128.4,69
92,-124.3,1,3,128.4,69
89,-122.3,1,4,0.0,69
65,-117.8,1,5,98.5,69
70,-263.4,2,1,128.8,69
75,-274.7,2,2,248.5,69
0,-100.1,2,3,0.0,69
78,-283.1,2,4,0.0,69
20,-146.4,2,5,-104.6,69
59,-241.1,3,1,183.9,69
23,-155.9,3,2,183.9,69
51,-219.9,3,3,236.5,69
13,-130.7,3,4,0.0,69
62,-246.1,3,5,236.5,69
94,-292.4,4,1,0.0,69
30,-159.4,4,2,183.9,69
20,-139.5,4,3,183.2,69
28,-155.8,4,4,145.5,69
27,-156.4,4,5,153.5,69
91,-195.1,5,1,291.5,69
65,-166.6,5,2,183.5,69
65,-166.6,5,3,167.1,69
91,-191.1,5,4,195.1,69
2,-100.2,5,5,0.0,69
41,-197.5,1,1,3.0,70
13,-128.7,1,2,183.33333333,70
25,-159.0,1,3,128.7,70
98,-330.1,1,4,128.7,70
11,-127.0,1,5,0.0,70
53,-203.5,2,1,128.5,70
73,-240.7,2,2,236.5,70
50,-199.2,2,3,183.0,70
68,-232.1,2,4,236.9,70
32,-161.8,2,5,128.0,70
56,-206.0,3,1,208.5,70
28,-153.5,3,2,128.7,70
54,-202.6,3,3,198.5,70
94,-277.5,3,4,329.5,70
61,-212.5,3,5,236.1,70
6,-106.5,4,1,0.0,70
99,-183.3,4,2,291.7,70
83,-169.1,4,3,239.5,70
94,-179.3,4,4,183.3,70
53,-144.7,4,5,183.3,70
80,-212.6,5,1,128.0,70
53,-176.0,5,2,145.5,70
53,-174.3,5,3,144.7,70
87,-223.0,5,4,163.5,70
56,-178.3,5,5,145.5,70
90,-239.7,1,1,5.0,71
80,-223.3,1,2,239.7,71
42,-165.3,1,3,183.9,71
71,-210.8,1,4,183.3,71
64,-198.1,1,5,183.9,71
4,-104.9,2,1,5.0,71
20,-136.0,2,2,128.4,71
43,-180.1,2,3,-163.5,71
67,-223.7,2,4,216.7,71
5,-109.5,2,5,105.2,71
28,-154.8,3,1,128.8,71
45,-185.7,3,2,183.5,71
86,-269.6,3,3,236.5,71
27,-152.1,3,4,-153.5,71
54,-205.7,3,5,198.5,71
14,-116.4,4,1,0.0,71
83,-202.1,4,2,236.5,71
27,-132.0,4,3,146.5,71
39,-147.0,4,4,163.5,71
77,-190.8,4,5,236.5,71
70,-191.9,5,1,210.0,71
82,-207.3,5,2,206.5,71
91,-218.8,5,3,236.5,71
54,-169.4,5,4,198.5,71
34,-143.7,5,5,139.5,71
27,-169.1,1,1,3.0,72
70,-274.4,1,2,236.2,72
71,-279.9,1,3,0.0,72
46,-215.3,1,4,128.8,72
7,-118.8,1,5,0.0,72
74,-113.5,2,1,0.0,72
1,-99.3,2,2,0.0,72
51,-109.8,2,3,206.7,72
87,-118.6,2,4,-128.5,72
27,-105.2,2,5,0.0,72
96,-242.4,3,1,128.8,72
79,-216.2,3,2,128.8,72
29,-143.7,3,3,128.7,72
25,-136.6,3,4,98.5,72
49,-173.2,3,5,122.5,72
89,-226.0,4,1,183.5,72
98,-239.3,4,2,236.4,72
52,-173.3,4,3,122.5,72
18,-126.0,4,4,101.5,72
36,-152.3,4,5,128.8,72
89,-201.4,5,1,236.5,72
5,-107.0,5,2,99.9,72
40,-145.4,5,3,128.8,72
48,-152.9,5,4,166.8,72
73,-180.4,5,5,183.5,72
18,-141.0,1,1,2.0,73
93,-320.9,1,2,128.0,73
89,-311.6,1,3,0.0,73
46,-206.1,1,4,183.2,73
99,-333.1,1,5,183.8,73
2,-101.9,2,1,5.0,73
39,-176.5,2,2,128.7,73
9,-117.4,2,3,0.0,73
90,-273.8,2,4,-311.6,73
9,-117.6,2,5,0.0,73
19,-155.0,3,1,128.0,73
74,-318.8,3,2,183.5,73
41,-220.2,3,3,183.5,73
52,-250.1,3,4,183.5,73
49,-245.6,3,5,239.5,73
86,-236.3,4,1,288.5,73
58,-190.4,4,2,183.5,73
56,-189.1,4,3,183.5,73
39,-162.2,4,4,175.5,73
52,-181.3,4,5,248.5,73
94,-298.6,5,1,255.0,73
4,-108.7,5,2,0.0,73
8,-116.0,5,3,101.5,73
89,-286.6,5,4,-311.6,73
54,-212.5,5,5,248.5,73
4,-111.4,1,1,2.0,74
26,-176.2,1,2,128.8,74
41,-216.7,1,3,128.8,74
22,-161.7,1,4,128.8,74
70,-302.7,1,5,128.7,74
67,-162.8,2,1,5.0,74
48,-145.0,2,2,183.2,74
21,-118.0,2,3,128.3,74
28,-128.6,2,4,139.2,74
97,-191.0,2,5,269.4,74
92,-323.4,3,1,0.0,74
89,-317.1,3,2,0.0,74
92,-324.6,3,3,0.0,74
34,-185.1,3,4,0.0,74
84,-305.0,3,5,183.5,74
0,-102.3,4,1,0.0,74
57,-179.8,4,2,0.0,74
66,-192.5,4,3,183.5,74
24,-134.2,4,4,118.5,74
8,-110.4,4,5,0.0,74
35,-156.3,5,1,128.5,74
6,-108.6,5,2,101.2,74
16,-124.1,5,3,101.7,74
51,-183.9,5,4,165.5,74
29,-147.1,5,5,135.5,74
59,-234.6,1,1,3.0,75
80,-280.9,1,2,236.4,75
47,-205.4,1,3,183.2,75
65,-247.8,1,4,236.7,75
17,-138.5,1,5,128.1,75
61,-77.6,2,1,5.0,75
57,-78.9,2,2,128.1,75
93,-68.3,2,3,236.5,75
50,-83.5,2,4,176.0,75
95,-67.2,2,5,68.7,75
4,-113.1,3,1,0.0,75
66,-314.4,3,2,128.7,75
85,-374.5,3,3,269.5,75
85,-373.4,3,4,0.0,75
53,-270.2,3,5,183.5,75
29,-127.5,4,1,128.9,75
70,-167.5,4,2,128.5,75
47,-144.6,4,3,183.5,75
97,-195.3,4,4,183.5,75
72,-171.4,4,5,183.9,75
85,-308.1,5,1,0.0,75
24,-156.6,5,2,128.5,75
49,-216.9,5,3,128.5,75
28,-165.9,5,4,-128.9,75
95,-334.2,5,5,183.5,75
11,-130.3,1,1,2.0,76
41,-214.2,1,2,128.7,76
2,-104.6,1,3,128.7,76
70,-294.3,1,4,128.7,76
16,-145.8,1,5,128.8,76
11,-123.0,2,1,128.7,76
73,-264.2,2,2,291.7,76
90,-306.8,2,3,269.8,76
50,-211.7,2,4,183.0,76
33,-174.4,2,5,138.5,76
49,-185.4,3,1,183.5,76
77,-235.1,3,2,291.1,76
46,-179.9,3,3,183.5,76
17,-129.6,3,4,128.5,76
59,-205.6,3,5,236.5,76
49,-183.6,4,1,183.5,76
16,-128.5,4,2,128.8,76
42,-173.4,4,3,183.5,76
71,-223.0,4,4,291.5,76
4,-107.9,4,5,0.0,76
7,-113.5,5,1,128.5,76
6,-113.4,5,2,105.0,76
35,-172.0,5,3,158.5,76
51,-206.3,5,4,210.5,76
62,-229.8,5,5,210.7,76
95,-138.7,1,1,5.0,77
60,-123.7,1,2,128.3,77
79,-134.0,1,3,128.3,77
16,-106.5,1,4,128.0,77
55,-122.8,1,5,128.5,77
55,-308.8,2,1,128.5,77
21,-179.3,2,2,128.5,77
87,-433.8,2,3,-269.5,77
95,-461.4,2,4,-138.7,77
87,-434.0,2,5,-441.2,77
33,-166.0,3,1,-128.3,77
36,-170.3,3,2,167.5,77
71,-241.6,3,3,236.5,77
92,-282.7,3,4,236.5,77
73,-245.9,3,5,236.5,77
4,-104.4,4,1,0.0,77
41,-124.7,4,2,101.5,77
28,-118.6,4,3,106.5,77
29,-117.3,4,4,118.6,77
6,-102.9,4,5,92.7,77
20,-130.3,5,1,128.0,77
56,-183.3,5,2,128.5,77
13,-118.4,5,3,101.5,77
36,-154.0,5,4,183.3,77
29,-143.0,5,5,143.3,77
5,-108.7,1,1,2.0,78
14,-126.8,1,2,128.3,78
69,-222.9,1,3,128.5,78
1,-102.5,1,4,128.1,78
10,-117.3,1,5,0.0,78
68,-311.9,2,1,222.9,78
27,-185.5,2,2,0.0,78
64,-297.8,2,3,183.2,78
98,-404.7,2,4,183.5,78
2,-106.4,2,5,101.5,78
27,-140.2,3,1,128.5,78
57,-185.4,3,2,183.8,78
62,-191.9,3,3,183.5,78
83,-225.8,3,4,236.5,78
28,-141.1,3,5,128.5,78
58,-122.2,4,1,183.5,78
48,-118.8,4,2,122.5,78
90,-136.5,4,3,236.5,78
78,-130.5,4,4,183.5,78
32,-116.4,4,5,139.5,78
65,-90.4,5,1,0.0,78
86,-86.5,5,2,92.5,78
30,-93.9,5,3,0.0,78
74,-89.4,5,4,92.5,78
42,-93.6,5,5,92.5,78
61,-178.6,1,1,3.0,79
10,-115.2,1,2,183.2,79
32,-141.2,1,3,128.8,79
54,-168.0,1,4,128.8,79
10,-113.8,1,5,176.8,79
98,-258.5,2,1,0.0,79
51,-182.9,2,2,0.0,79
1,-101.6,2,3,0.0,79
75,-220.5,2,4,183.5,79
33,-152.9,2,5,153.5,79
93,-316.0,3,1,0.0,79
32,-174.2,3,2,0.0,79
42,-198.9,3,3,183.5,79
6,-115.4,3,4,0.0,79
19,-145.6,3,5,128.5,79
3,-109.8,4,1,0.0,79
26,-189.3,4,2,128.8,79
59,-303.6,4,3,209.5,79
9,-133.1,4,4,101.2,79
12,-142.5,4,5,128.5,79
42,-288.0,5,1,0.0,79
9,-140.0,5,2,128.5,79
84,-474.3,5,3,-269.5,79
65,-390.5,5,4,291.5,79
82,-468.2,5,5,527.5,79
24,-161.6,1,1,3.0,80
84,-309.6,1,2,128.4,80
88,-318.9,1,3,-291.2,80
70,-274.5,1,4,183.2,80
75,-287.1,1,5,275.5,80
10,-126.3,2,1,128.5,80
20,-149.8,2,2,128.7,80
83,-315.7,2,3,291.5,80
64,-266.5,2,4,269.7,80
80,-310.1,2,5,291.5,80
37,-201.6,3,1,128.5,80
62,-267.6,3,2,269.5,80
62,-267.8,3,3,269.4,80
92,-350.4,3,4,319.5,80
6,-118.1,3,5,0.0,80
0,-97.2,4,1,0.0,80
15,-126.7,4,2,122.5,80
74,-228.0,4,3,291.5,80
7,-110.8,4,4,118.5,80
26,-146.3,4,5,158.5,80
7,-110.8,5,1,128.5,80
24,-142.7,5,2,128.8,80
16,-128.5,5,3,128.9,80
50,-193.1,5,4,236.5,80
88,-261.2,5,5,-318.9,80
